tree
version=v4
num_class=1
num_tree_per_iteration=1
label_index=0
max_feature_idx=8
objective=lambdarank
feature_names=cosine_normalized als_normalized popularity_normalized blend_score log_popularity log_history_count cosine_raw als_raw training_cold_item
feature_infos=[0:1] [0:1] [7.5792027928400785e-05:1] [0.012490087188780308:1] [0.69314718246459961:9.4875936508178711] [1.7917594909667969:4.9628448486328125] [0:20.33189582824707] [-0.57133740186691284:1.4006507396697998] none
tree_sizes=1791 1780 1799 1791 1787 1788 1794 1804 1789 1787 1796 1801 1790 1804 1789 1792 1799 1806 1801 1795 1795 1783 1796 1793 1786 1793 1802 1782 1790 1783 1791 1772 1796 1794 1799 1798 1791 1797 1789 1795 1795 1786 1796 1799 1791 1799 1802 1792 1782 1783 1787 1801 1804 1794 1795 1794 1800 1788 1801 1792 1760 1798 1784 1803 1794 1809 1801 1804 1783 1790

Tree=0
num_leaves=15
num_cat=0
split_feature=2 3 2 3 2 2 2 1 2 2 3 3 2 6
split_gain=1013.18 929.797 310.842 259.58 189.435 179.079 164.015 111.67 87.5219 65.3493 63.2753 48.8093 47.9807 64.0683
threshold=0.36812187731266027 0.2437354847788811 0.26629528403282171 0.49247823655605322 0.058170380070805557 0.081741698086261763 0.26629528403282171 0.68650066852569591 0.2975973933935166 0.0039790812879800805 0.17714844644069674 0.33496829867362982 0.87763378024101268 4.8236815929412851
decision_type=2 2 2 2 2 2 2 2 2 2 2 2 2 2
left_child=1 4 5 -2 9 11 10 -7 -4 -1 -6 -3 -5 -14
right_child=3 2 8 12 6 7 -8 -9 -10 -11 -12 -13 13 -15
leaf_value=0.077261803304939411 -0.058516601251212497 0.028707287175162386 0.075098022535396852 -0.010194767924427943 -0.080396166599123201 -0.018670669718087542 0.010461654167237095 0.026886404727597332 0.017427238877851067 -0.0011281930667913663 -0.040987231227881234 0.054036511931627743 -0.055945604797570096 -0.0077022876898367211
leaf_weight=35.245607133751037 685.63758396261801 560.14678533212282 621.51908330066362 943.08142430780208 220.53727769070611 359.14809158895514 132.2855027372716 295.97722925463313 92.088118501284043 285.8235363814747 288.08654182591636 396.08034464647062 185.50604280503467 151.0994434019085
leaf_count=4350 42688 152998 22974 37365 138433 128409 17851 75667 26744 90367 121514 85408 1613 1021
internal_value=-2.79716e-10 0.0186774 0.0374893 -0.0312309 -0.0267798 0.0240805 -0.044033 0.00192104 0.0676906 0.0076903 -0.058199 0.0392444 -0.0165774 -0.0343765
internal_weight=5252.26 3286.94 2324.96 1965.32 961.978 1611.35 640.909 655.125 713.607 321.069 508.624 956.227 1279.69 336.605
internal_count=947402 864715 492200 82687 372515 442482 277798 204076 49718 94717 259947 238406 39999 2634
is_linear=0
shrinkage=0.055


Tree=1
num_leaves=15
num_cat=0
split_feature=2 2 2 3 2 7 3 2 1 1 0 2 5 2
split_gain=897.158 1493.19 615.499 333.837 182.802 166.881 124.907 120.463 67.2691 60.0353 81.4533 57.0694 41.5941 38.2968
threshold=0.29445202648639685 0.26765954494476324 0.26629528403282171 0.27096138894557958 0.077800516039133086 0.55168694257736217 0.44344641268253332 0.30085644125938421 0.6079712212085725 0.75428110361099254 0.25144422054290777 0.2975973933935166 3.7726949453353886 0.340078815817833
decision_type=2 2 2 2 2 2 2 2 2 2 2 2 2 2
left_child=1 2 3 4 -1 7 -5 -2 -3 10 -4 -7 -10 -9
right_child=5 8 9 6 -6 11 -8 13 12 -11 -12 -13 -14 -15
leaf_value=-0.0095331872665094103 0.037894796077725626 -0.084938734862943802 0.043174507549605765 -0.00023405211816974859 -0.040641617703305648 0.066709500644033484 0.019384663462995784 -0.045163787230229735 -0.035936740061587286 0.066970774270516356 -0.039893766854692668 0.038733167874446216 -0.067778961593730924 0.0018120449343594577
leaf_weight=1944.5382654572604 367.1935921512777 466.03891739703249 363.40439567406429 3484.4794678896287 808.74889877581154 492.54457938740961 1365.7211165702174 69.564832349598873 200.17855297587812 327.36683865776286 38.805719431955367 410.15556212767842 344.91091687598964 204.75901542627253
leaf_count=173144 4027 16801 2974 278341 281996 1309 63665 14341 3081 846 639 46994 5683 53561
internal_value=2.26783e-10 -0.00641912 0.00124272 -0.00338998 -0.0186824 0.0388217 0.00529305 0.0173357 -0.0695019 0.0494622 0.0350809 0.054055 -0.0561725 -0.0102212
internal_weight=10888.4 9344.19 8333.06 7603.49 2753.29 1544.22 4850.2 641.517 1011.13 729.577 402.21 902.7 545.089 274.324
internal_count=947402 827170 801605 797146 455140 120232 342006 71929 25565 4459 3613 48303 8764 67902
is_linear=0
shrinkage=0.055


Tree=2
num_leaves=15
num_cat=0
split_feature=2 2 3 2 7 2 2 2 1 1 6 2 2 1
split_gain=413.922 755.004 221.898 201.444 178.091 140.946 120.587 101.964 90.7892 81.396 73.1625 63.8219 92.4193 49.7621
threshold=0.26629528403282171 0.2975973933935166 0.23296334594488147 0.0029937850777059798 0.55447328090667736 0.340078815817833 0.0079960585571825522 0.081741698086261763 0.71784722805023204 0.57224053144454967 1.6698864698410036 0.29445202648639685 0.26765954494476324 0.31705570220947271
decision_type=2 2 2 2 2 2 2 2 2 2 2 2 2 2
left_child=2 4 3 -1 11 -3 -4 -5 -7 -8 -11 12 -2 -9
right_child=1 5 6 7 -6 8 9 13 -10 10 -12 -13 -14 -15
leaf_value=0.033556014988453182 0.021835321562799388 -0.034610058745924606 0.02803179683266855 -0.021281505133433649 0.059246381438098218 -0.020564679622088584 -0.020454700862404324 -0.082653914005494489 0.011555567916532753 0.0037157990291675365 -0.0096560597066024899 0.039535732683914131 -0.042527034749041195 -0.043795636393760204
leaf_weight=138.1772279436118 285.27400054733153 486.37337666618987 356.2026380453317 583.32876521541039 902.42771450360306 403.97085053598857 864.76832688321883 143.67568525485694 775.81448978172557 2800.4422638259712 2216.5612937348196 343.70433832617709 87.323550011351472 341.62873682175996
leaf_count=2150 3124 22516 24440 91461 8850 59680 126847 85058 33900 243851 89083 2836 19350 134256
internal_value=-2.36921e-10 0.0162599 -0.00717562 -0.0287535 0.0429996 -0.00972888 -0.00299718 -0.0368342 0.000549157 -0.00488075 -0.00219277 0.0224771 0.00667763 -0.055446
internal_weight=10729.7 3284.89 7444.78 1206.81 1618.73 1666.16 6237.97 1068.63 1179.79 5881.77 5017 716.302 372.598 485.304
internal_count=947402 150256 797146 312925 34160 116096 484221 310775 93580 459781 332934 25310 22474 219314
is_linear=0
shrinkage=0.055


Tree=3
num_leaves=15
num_cat=0
split_feature=3 2 2 2 2 2 3 6 1 5 6 2 2 2
split_gain=353.004 188.867 184.827 463.039 434.412 350.678 112.364 82.3322 76.4664 56.6517 51.687 46.2665 87.6536 44.5997
threshold=0.2437354847788811 0.0029937850777059798 0.29445202648639685 0.2975973933935166 0.26765954494476324 0.26629528403282171 0.15369086712598803 2.6035820245742802 0.71558222174644481 4.3372693061828622 1.7541885972023012 0.35663938522338873 0.37850537896156317 0.340078815817833
decision_type=2 2 2 2 2 2 2 2 2 2 2 2 2 2
left_child=1 -1 4 10 5 8 -3 -7 -2 -8 -4 13 -13 -5
right_child=2 6 3 11 -6 7 9 -9 -10 -11 -12 12 -14 -15
leaf_value=0.022484542796507058 -0.0061113929830537133 -0.063057347181914455 0.039807746649636995 -0.0092537764633965364 -0.058327394083268945 0.052230580862534251 -0.028849079253800054 -0.011009265853947365 0.0069840993928639485 0.0014578614405974407 0.069493443777539812 -0.038445335787350286 0.0021282119731114916 0.034056085846422911
leaf_weight=238.94751742901281 3330.9318030152936 258.20472944271751 369.29064725339413 110.66549304599175 364.51979844213929 500.49109034077264 986.05221978676855 70.746705603785813 2265.2211885795405 229.94698810431873 352.20992723014206 195.42382099892711 894.33370953548001 202.59067331452388
leaf_count=2404 324876 111847 1775 17664 17340 2318 223057 566 117606 42500 975 12929 67910 3635
internal_value=-2.27285e-10 -0.0228034 0.00451503 0.0186027 -6.91507e-05 0.00338306 -0.0301542 0.0443929 -0.000810275 -0.0231215 0.0543753 0.000180948 -0.00517633 0.018775
internal_weight=10369.6 1713.15 8656.42 2124.51 6531.91 6167.39 1474.2 571.238 5596.15 1216 721.501 1403.01 1089.76 313.256
internal_count=947402 379808 567594 104888 462706 445366 377404 2884 442482 265557 2750 102138 80839 21299
is_linear=0
shrinkage=0.055


Tree=4
num_leaves=15
num_cat=0
split_feature=2 2 7 2 0 1 2 2 1 2 2 2 3 2
split_gain=624.109 275.062 168.515 168.009 137.628 78.8477 76.3799 74.665 103.381 53.73 59.6075 48.4562 41.5892 37.6838
threshold=0.26629528403282171 0.2975973933935166 0.55447328090667736 0.18436410278081897 0.01624295208603144 0.6380591392517091 0.23810065537691119 0.0039790812879800805 0.54166010022163402 0.29445202648639685 0.26765954494476324 0.39339850842952734 0.26034422218799597 0.26235410571098333
decision_type=2 2 2 2 2 2 2 2 2 2 2 2 2 2
left_child=3 2 9 4 -1 -3 -5 -6 -9 10 -2 -7 -11 -8
right_child=1 5 -4 6 7 11 13 8 -10 12 -12 -13 -14 -15
leaf_value=-0.036741716864034817 0.012871184092895664 -0.02486921619943629 0.056609086152676 -0.041685145390427884 0.020387617627706491 0.024775420721281426 -0.001972219271919675 -0.020093166657543033 -0.001109662489319847 0.007143075806592074 -0.051782791451531252 0.0015196413493215879 0.048077333483850265 -0.048599290345017254
leaf_weight=390.38483466970501 281.45111223799177 228.9286154305737 763.49437909203698 603.2620506399544 382.85607815545518 438.09695559454849 307.82183381212235 1067.4601024278381 4621.1198930870742 113.97893008083338 49.913597385049798 708.45462269149721 221.26391250803135 62.221274377472582
leaf_count=136389 3124 57708 8850 100700 8028 19820 29655 193375 320111 1575 19350 38568 1261 8888
internal_value=-1.0199e-10 0.0220989 0.0389794 -0.00834067 -0.00512965 0.00453242 -0.0296317 -0.00309132 -0.00467482 0.0187328 0.00300583 0.0104195 0.0342228 -0.00992223
internal_weight=10240.7 2805.58 1430.1 7435.13 6461.82 1375.48 973.305 6071.44 5688.58 666.608 331.365 1146.55 335.243 370.043
internal_count=947402 150256 34160 797146 657903 116096 139243 521514 513486 25310 22474 58388 2836 38543
is_linear=0
shrinkage=0.055


Tree=5
num_leaves=15
num_cat=0
split_feature=3 2 2 2 2 2 1 3 6 5 6 2 1 2
split_gain=230.704 156.799 441.26 434.946 282.839 149.64 77.5768 52.2501 51.5593 51.2087 37.366 35.938 52.8349 34.1861
threshold=0.2437354847788811 0.29445202648639685 0.26765954494476324 0.2975973933935166 0.26629528403282171 0.0067833862267434606 0.34360256791114813 0.54765045642852794 2.6035820245742802 3.9219243526458745 1.5872027277946474 0.35663938522338873 0.72056108713150036 0.56449899077415477
decision_type=2 2 2 2 2 2 2 2 2 2 2 2 2 2
left_child=5 2 4 10 7 -1 -7 -2 -6 -8 -3 12 -5 -13
right_child=1 3 -4 11 8 6 9 -9 -10 -11 -12 13 -14 -15
leaf_value=0.012771341758672897 -0.0030926575353910461 0.038801720184400826 -0.062379866249596481 -0.012207404743451817 0.049931612198810676 -0.057686793405999671 -0.035090480744808569 0.013172076821317432 -0.0056019684102005095 -0.009572375101637054 0.065692077091950782 -0.011632993065181518 0.028480809354315118 0.0078507819292929961
leaf_weight=333.07447527674958 4721.5010924192902 285.41339227347635 333.72339834930608 147.8230232836504 416.91040599392727 228.27725761092734 463.15617736670538 683.01716193943867 57.319580840179697 490.12452756782295 363.23524346156046 737.10105134750484 274.79726943993592 430.89732764169457
leaf_count=11144 419223 1652 17340 14837 2318 120757 130304 23259 566 117603 1098 55669 6462 25170
internal_value=-3.14702e-10 0.00354304 -0.000955169 0.0160174 0.00254179 -0.0197597 -0.028933 -0.00103508 0.0432217 -0.0219943 0.0539379 0.000529394 0.0142538 -0.00444448
internal_weight=9966.37 8451.74 6212.47 2239.27 5878.75 1514.63 1181.56 5404.52 474.23 953.281 648.649 1590.62 422.62 1168
internal_count=947402 567594 462706 104888 445366 379808 368664 442482 2884 247907 2750 102138 21299 80839
is_linear=0
shrinkage=0.055


Tree=6
num_leaves=15
num_cat=0
split_feature=2 2 0 2 7 2 3 2 1 5 2 2 2 6
split_gain=360.94 447.898 165.398 130.333 95.3962 80.8015 98.5843 99.7379 68.3703 65.8397 60.007 42.1961 103.563 37.7964
threshold=0.26629528403282171 0.2975973933935166 0.032699968665838249 0.340078815817833 0.67360585927963268 0.0029937850777059798 0.38350419700145727 0.088373500853776946 0.41843977570533758 3.3842465877532963 0.35663938522338873 0.29445202648639685 0.26765954494476324 2.5570589303970341
decision_type=2 2 2 2 2 2 2 2 2 2 2 2 2 2
left_child=2 4 8 -3 11 -4 7 -7 -1 -8 -5 12 -2 -12
right_child=1 3 5 10 -6 6 9 -9 -10 -11 13 -13 -14 -15
leaf_value=-0.065718162333343669 0.029034955688112114 -0.031841075273505312 0.024063830377476246 0.029496988925397049 0.060538618009124787 -0.0057976573327254057 0.015448785731168166 -0.026897120862820544 -0.023376467208408948 -0.0032839272652634413 -0.018260423837526997 0.040799923500930459 -0.047219835759458831 0.0057101579707188252
leaf_weight=152.3490854469419 296.91086770512629 358.09546058712294 291.67463919101283 253.91322679063887 469.32120048068464 2308.79686360911 796.28478342946619 958.76660384540446 475.18248053076968 1968.9294292918057 263.07838068745332 431.31254347698996 64.830348192816018 806.25445805006893
leaf_count=103546 3691 22516 3869 4328 4904 240861 27947 216401 120219 84303 51219 3404 22161 38033
internal_value=-4.4801e-10 0.016139 -0.00683517 -0.00245339 0.0408843 -0.00416026 -0.00552861 -0.011995 -0.0337442 0.00211407 0.00551751 0.0291915 0.0152763 -0.00019866
internal_weight=9895.7 2943.72 6951.98 1681.34 1262.37 6324.45 6032.78 3267.56 627.532 2765.21 1323.25 793.054 361.741 1069.33
internal_count=947402 150256 797146 116096 34160 573381 569512 457262 223765 112250 93580 29256 25852 89252
is_linear=0
shrinkage=0.055


Tree=7
num_leaves=15
num_cat=0
split_feature=3 2 2 2 2 2 2 5 2 2 0 2 1 5
split_gain=200.975 143.108 123.166 210.906 97.7372 487.159 118.311 60.1735 44.0748 41.1547 33.8526 36.4158 39.6899 34.5515
threshold=0.2437354847788811 0.0057222978211939344 0.26629528403282171 0.35663938522338873 0.29445202648639685 0.26765954494476324 0.2975973933935166 4.3372693061828622 0.081741698086261763 0.26629528403282171 0.25723852217197424 0.077800516039133086 0.71090421080589306 3.9219243526458745
decision_type=2 2 2 2 2 2 2 2 2 2 2 2 2 2
left_child=1 -1 10 4 5 -4 -6 8 -3 -10 11 -2 -13 -12
right_child=2 7 3 -5 6 -7 -8 -9 9 -11 13 12 -14 -15
leaf_value=0.014273073714643978 -0.0012232786055253293 -0.020039755624186716 0.042961376718951956 -0.0048155457240736761 0.051485186508789693 -0.056060181199275236 0.012853707793743256 -0.0024826726705493465 -0.054092359543748379 -0.019939721552884031 0.0077474530639153891 -0.023283073134515133 -7.7963556236120585e-05 -0.0054116555119078221
leaf_weight=312.45205879450077 1752.241338744876 399.6693031724426 435.09512730001006 1226.2114162697981 601.12380671640858 228.3433223994798 399.94933081709314 230.61324234833592 375.39919055190694 151.27434139096295 1628.214373723953 594.10965741504333 356.56347739009652 957.9172971030348
leaf_count=8886 168821 93498 2884 80839 2750 17340 21299 57591 197252 22581 66605 124839 34096 48121
internal_value=1.61826e-12 -0.0187207 0.00336485 0.0124917 0.0252369 0.0088469 0.0360793 -0.0276357 -0.0338882 -0.0443392 -0.00162487 -0.00592791 -0.0145889 0.00287304
internal_weight=9649.18 1469.41 8179.77 2890.72 1664.51 663.438 1001.07 1156.96 926.343 526.674 5289.05 2702.91 950.673 2586.13
internal_count=947402 379808 567594 125112 44273 20224 24049 370922 313331 219833 442482 327756 158935 114726
is_linear=0
shrinkage=0.055


Tree=8
num_leaves=15
num_cat=0
split_feature=2 2 0 7 2 1 2 1 1 2 2 6 1 5
split_gain=245.26 388.369 123.345 106.344 79.1324 81.6983 78.858 54.0798 41.1996 27.9089 62.68 22.825 22.7335 30.2392
threshold=0.26629528403282171 0.2975973933935166 0.032699968665838249 0.49627001583576208 0.0029937850777059798 0.56569290161132824 0.091518871486186995 0.41843977570533758 0.56569290161132824 0.340078815817833 0.35663938522338873 0.6984342932701112 0.5303916633129121 4.3372693061828622
decision_type=2 2 2 2 2 2 2 2 2 2 2 2 2 2
left_child=2 3 7 12 11 6 -6 -1 -3 -10 -11 -4 13 -2
right_child=1 8 4 -5 5 -7 -8 -9 9 10 -12 -13 -14 -15
leaf_value=-0.060695979655650503 -0.01112727901584114 -0.033143421744959066 0.0068565470450249605 0.04992074302657231 -0.0085137302142511764 -0.0014789230129014022 -0.038397536035411406 -0.020779699936334467 -0.020233582369423853 0.026017677574809866 -0.0040007969800317494 0.036677530633482891 0.028596729097511434 0.029436566124505313
leaf_weight=134.81364384128392 145.63744400678843 130.95980353587947 141.57926430786029 747.32122839003569 928.42339672590606 4470.3648780994554 374.4928440315125 429.67958461340459 201.0878081122064 258.26787654607324 1115.7920885531057 172.43046236800728 230.53904757194687 88.566556124729686
leaf_count=103546 13979 40205 2171 11276 120234 312777 136501 120219 11471 2875 61545 1698 6735 2170
internal_value=4.98945e-11 0.0132907 -0.00583181 0.037082 -0.00354863 -0.00501251 -0.017126 -0.0304031 -0.00362313 -0.0011493 0.00165628 0.0232964 0.0163741 0.00427227
internal_weight=9569.96 2918.17 6651.78 1212.06 6087.29 5773.28 1302.92 564.493 1706.11 1575.15 1374.06 314.01 464.743 234.204
internal_count=947402 150256 797146 34160 573381 569512 256735 223765 116096 75891 64420 3869 22884 16149
is_linear=0
shrinkage=0.055


Tree=9
num_leaves=15
num_cat=0
split_feature=2 2 2 2 6 2 2 1 2 6 1 7 6 1
split_gain=173.496 137.983 379.339 294.328 110.073 73.4754 60.7003 52.8561 63.5979 50.7029 44.8236 42.2923 37.665 30.1398
threshold=0.26629528403282171 0.26765954494476324 0.29445202648639685 0.2975973933935166 0.22148773074150088 0.0029937850777059798 0.085986055433750166 0.53800708055496227 0.013225708622485401 1.5872027277946474 0.6380591392517091 0.55447328090667736 2.7538796663284306 0.79612275958061229
decision_type=2 2 2 2 2 2 2 2 2 2 2 2 2 2
left_child=4 11 -3 9 6 -6 -1 8 -7 -4 -5 -2 -13 -14
right_child=1 2 3 10 5 7 -8 -9 -10 -11 -12 12 13 -15
leaf_value=-0.012885600039085982 0.019612793008499097 -0.057644424875262883 0.028837259651415703 -0.022065049130411806 0.025311199142282165 0.0026356085996858815 -0.046523486103756236 -0.0014264061451032682 -0.026643821532877959 0.059958770120949863 0.0043039577173891643 0.062455950258507878 -0.055041010526404623 0.041513626487992651
leaf_weight=427.35838587395847 195.44528029987123 252.29057442459452 313.87607020384166 228.57988560420927 273.1475937194773 359.52515995473368 261.76322412349691 4642.9460531984223 595.39217166171875 326.04384282638784 1293.8386909912224 219.49194809375331 15.090960273751987 23.942520550452173
leaf_count=85908 3124 25565 3019 57708 3361 35479 157042 340651 174705 1117 58388 873 303 159
internal_value=-2.24064e-10 0.0112801 0.00604222 0.0134961 -0.00493351 -0.00249065 -0.0257119 -0.00385152 -0.0156289 0.0447627 0.000332961 0.0390655 0.0536395 0.00374166
internal_weight=9428.73 2868.6 2414.63 2162.34 6560.13 5871.01 689.122 5597.86 954.917 639.92 1522.42 453.971 258.525 39.0335
internal_count=947402 150256 145797 120232 797146 554196 242950 550835 210184 4136 116096 4459 1335 462
is_linear=0
shrinkage=0.055


Tree=10
num_leaves=15
num_cat=0
split_feature=2 2 7 6 2 2 3 3 2 2 5 2 6 2
split_gain=179.952 326.808 107.528 95.8931 71.9098 53.6725 49.0717 31.379 36.0292 27.6841 27.6547 21.6763 21.4985 20.1932
threshold=0.26629528403282171 0.2975973933935166 0.42557445168495184 0.24143675714731219 0.0029937850777059798 0.085986055433750166 0.2437354847788811 0.33136406540870672 0.39339850842952734 0.65586629509925853 4.5485858917236337 0.081741698086261763 0.77421578764915477 0.29445202648639685
decision_type=2 2 2 2 2 2 2 2 2 2 2 2 2 2
left_child=3 2 -2 5 12 -1 11 -3 10 -10 -9 -6 -5 -4
right_child=1 7 13 4 6 -7 -8 8 9 -11 -12 -13 -14 -15
leaf_value=-0.012589605131661795 0.0089432755752403541 -0.03651448030788073 0.035432911145899949 0.0067658134907969195 -0.011780030783475504 -0.044039249010424199 -0.0023838892360224084 0.010376249847935625 -0.015196991342431658 0.0043590459533651383 -0.047333840725979494 -0.03500515659198452 0.038152906085990652 0.053206148744503946
leaf_weight=447.34551542456029 360.46022823997191 83.549910413537873 367.56164709947188 114.95914566831198 352.74482946237549 259.4388413166962 4978.9140449925617 613.3318542263587 660.55445597012294 326.76132758200401 25.210105692734942 185.90261304663727 155.68399063631659 435.40220878354739
leaf_count=91348 19666 30507 12500 1749 60734 163053 392736 29508 43291 11344 1446 85998 1528 1994
internal_value=3.7082e-11 0.0114595 0.0339319 -0.00506971 -0.00273245 -0.0241797 -0.00409187 -0.00384608 -0.0021459 -0.00872688 0.00802736 -0.0198457 0.0248948 0.0451245
internal_weight=9367.82 2872.83 1163.42 6494.99 5788.2 706.784 5517.56 1709.41 1625.86 987.316 638.542 538.647 270.643 802.964
internal_count=947402 150256 34160 797146 542745 254401 539468 116096 85589 54635 30954 146732 3277 14494
is_linear=0
shrinkage=0.055


Tree=11
num_leaves=15
num_cat=0
split_feature=2 2 0 1 2 1 2 2 2 2 2 2 1 5
split_gain=146.896 206.893 84.6738 74.4381 65.9403 65.038 85.9377 61.7177 225.265 31.7722 48.8333 67.234 40.9202 30.814
threshold=0.26629528403282171 0.2975973933935166 0.014572549145668747 0.53800708055496227 0.0029937850777059798 0.62786814570426952 0.059345157817006118 0.29445202648639685 0.26765954494476324 0.340078815817833 0.35663938522338873 0.37850537896156317 0.72056108713150036 4.2972624301910409
decision_type=2 2 2 2 2 2 2 2 2 2 2 2 2 2
left_child=2 3 -1 -2 -4 6 -6 8 -5 -3 12 -12 -11 -7
right_child=1 9 4 7 5 13 -8 -9 -10 10 11 -13 -14 -15
leaf_value=-0.032958420979907893 0.0020292253504419311 -0.021393455098787484 0.021517346479324798 0.043433190840790364 -0.003370659373182862 0.0020283360995349406 -0.026463589923279157 0.048292505510190854 -0.04136251808608965 -0.0075937877362501878 -0.038506364414488597 0.00097171868634430517 0.039287843173043728 -0.011220822837033363
leaf_weight=303.36464233550214 274.59567533632799 229.70749687960779 308.15882283536484 346.98599703604123 1241.6103189400455 3099.1184333970305 801.94424593210715 485.58285954385065 129.34795577562181 86.350515533209546 148.5890265006019 1022.1436099300772 159.42426823952701 639.75540673569776
leaf_count=158052 16862 22516 4012 2458 151803 182721 248211 2459 12381 2849 15227 74025 1479 52347
internal_value=-1.09015e-10 0.0103054 -0.00464711 0.0272968 -0.00323178 -0.00455421 -0.0124414 0.0345003 0.0203686 -0.00246607 0.000616209 -0.00406741 0.0228524 -0.00024111
internal_weight=9276.68 2882.73 6393.95 1236.51 6090.59 5782.43 2043.55 961.917 476.334 1646.21 1416.51 1170.73 245.775 3738.87
internal_count=947402 150256 797146 34160 639094 635082 400014 17298 14839 116096 93580 89252 4328 235068
is_linear=0
shrinkage=0.055


Tree=12
num_leaves=15
num_cat=0
split_feature=2 2 7 0 2 3 1 1 2 2 6 2 2 2
split_gain=191.692 234.968 107.219 75.438 67.0556 49.5501 40.3556 30.7495 34.8755 33.4736 22.3145 20.6197 83.6757 19.5957
threshold=0.26629528403282171 0.2975973933935166 0.38954593241214758 0.032699968665838249 0.0029937850777059798 0.2437354847788811 0.41843977570533758 0.6380591392517091 0.39339850842952734 0.340078815817833 0.77421578764915477 0.29445202648639685 0.26765954494476324 0.1569652855396271
decision_type=2 2 2 2 2 2 2 2 2 2 2 2 2 2
left_child=3 2 -2 6 10 13 -1 -3 9 -9 -5 12 -4 -6
right_child=1 7 11 4 5 -7 -8 8 -10 -11 -12 -13 -14 -15
leaf_value=-0.054314327793015246 0.0040525215900918546 -0.021728419881707886 0.043217962192441367 0.0070292144821484269 -0.016177446154664529 -0.003142642818890005 -0.017065153431377707 -0.01179259614680841 -0.0053982332693927734 0.020356818220339232 0.037089725194955479 0.049825922999132903 -0.027547562480712766 -0.045185805727868844
leaf_weight=114.48925735156809 316.74240381005802 197.06616864771058 321.04055340553168 151.77057182346471 439.60811782543897 5177.4228804038139 377.01072906052286 128.83349640795495 860.53744233213365 400.67975285474677 147.21454954409273 443.32422751327977 59.245422744250391 83.583167945602327
leaf_count=103546 17959 57708 2297 2341 104888 414474 120219 8190 38568 11630 1528 2179 11725 50150
internal_value=2.99095e-10 0.0122326 0.0312654 -0.00514106 -0.00344177 -0.00477475 -0.0258346 -0.00145367 0.00143422 0.0125272 0.0219047 0.0417133 0.0321499 -0.0208891
internal_weight=9218.57 2727.47 1140.35 6491.1 5999.6 5700.61 491.5 1587.12 1390.05 529.513 298.985 823.61 380.286 523.191
internal_count=947402 150256 34160 797146 573381 569512 223765 116096 58388 19820 3869 16201 14022 155038
is_linear=0
shrinkage=0.055


Tree=13
num_leaves=15
num_cat=0
split_feature=2 2 7 2 1 6 3 2 2 1 5 1 1 5
split_gain=171.148 218.628 119.38 75.3814 136.913 36.7361 27.1836 33.4005 29.2959 25.6458 22.6377 24.8972 22.2768 30.5617
threshold=0.26629528403282171 0.2975973933935166 0.38954593241214758 0.0067833862267434606 0.50296309590339672 0.3890244215726853 0.33136406540870672 0.35663938522338873 0.37850537896156317 0.72056108713150036 4.0859410762786874 0.6974310874938966 0.34360256791114813 4.3372693061828622
decision_type=2 2 2 2 2 2 2 2 2 2 2 2 2 2
left_child=3 2 12 -1 5 -5 -3 9 -9 -8 11 -6 -2 -14
right_child=1 6 -4 4 10 -7 7 8 -10 -11 -12 -13 13 -15
leaf_value=0.013437600702567751 -0.036846753370352897 -0.034471198376148239 0.041788331960391133 -0.047590388249476007 -0.0067813924203985925 -0.020556384258242671 -0.0056197462626945164 -0.031472287265635696 -0.0014591079509980959 0.027322232940492033 -0.0088734900104302621 0.0027313231102586923 -0.001446762506168299 0.043964871812685144
leaf_weight=615.8153185279225 38.119989057537168 71.416195239216904 791.00763390905922 236.85576787876926 1409.5413539633009 430.24302435674326 108.87442714627832 107.31085089966655 1074.3740037636599 205.55568274587858 1735.1601169652422 2029.2275009037112 229.59373347376822 54.689667079073843
leaf_count=27646 4634 30507 16201 164388 213621 122468 9649 10498 59036 6406 181344 87679 12124 1201
internal_value=-2.15141e-11 0.0116788 0.030303 -0.00485022 -0.00678026 -0.0302118 -0.00156073 3.2208e-05 -0.00420896 0.0159341 -0.00375387 -0.00116875 0.00208201 0.00741289
internal_weight=9137.79 2680.94 1113.41 6456.84 5841.03 667.099 1567.53 1496.11 1181.68 314.43 5173.93 3438.77 322.403 284.283
internal_count=947402 150256 34160 797146 769500 286856 116096 85589 69534 16055 482644 301300 17959 13325
is_linear=0
shrinkage=0.055


Tree=14
num_leaves=15
num_cat=0
split_feature=2 2 7 0 2 1 2 2 2 2 2 1 6 5
split_gain=130.164 207.383 73.2723 62.854 57.2013 56.9564 52.3029 33.0557 120.044 32.7169 46.8397 28.7876 17.6162 17.1045
threshold=0.26629528403282171 0.2975973933935166 0.38954593241214758 0.014572549145668747 0.0029937850777059798 0.56569290161132824 0.091518871486186995 0.29445202648639685 0.26765954494476324 0.340078815817833 0.35663938522338873 0.72056108713150036 0.6984342932701112 4.7664294242858896
decision_type=2 2 2 2 2 2 2 2 2 2 2 2 2 2
left_child=3 2 -2 -1 12 6 -6 8 -4 -3 11 -11 -5 -12
right_child=1 9 7 4 5 -7 -8 -9 -10 10 13 -13 -14 -15
leaf_value=-0.029860040311122833 0.0050302807906018685 -0.022319278868649331 0.041459236774407236 0.006020870411128634 -0.00752556030523198 -0.0014726215898366128 -0.032363794871840074 0.047358676478857817 -0.030502001609606005 -0.0032999318917354449 -0.003368871689844666 0.038806877160588366 0.033207531921847673 -0.080010661228480176
leaf_weight=277.53243668566574 303.87524217169266 221.0825115100597 308.01440225413535 134.7249616504414 882.2529423518572 4526.9270052467473 361.08353746648936 423.71306340314914 89.912761180341477 75.565420746046584 1139.8419770269247 138.54997693159385 155.43674755934626 7.8798288673860943
leaf_count=158052 17959 22516 2297 2314 127418 339532 168132 2179 11725 2849 88614 1479 1698 638
internal_value=-7.04651e-11 0.01009 0.0281274 -0.00431273 -0.00313808 -0.00433758 -0.0147592 0.0366531 0.0251637 -0.00274491 0.000446867 0.0240003 0.0206485 -0.00396426
internal_weight=9046.39 2708.44 1125.52 6337.96 6060.43 5770.26 1243.34 821.64 397.927 1582.92 1361.84 214.115 290.162 1147.72
internal_count=947402 150256 34160 797146 639094 635082 295550 16201 14022 116096 93580 4328 4012 89252
is_linear=0
shrinkage=0.055


Tree=15
num_leaves=15
num_cat=0
split_feature=2 2 7 2 3 2 5 3 2 2 1 7 2 2
split_gain=149.224 180.808 94.6293 60.7889 83.0461 33.7487 26.8599 21.2108 20.6919 56.443 28.9006 18.5984 17.0894 36.9878
threshold=0.26629528403282171 0.2975973933935166 0.38954593241214758 0.0029937850777059798 0.2437354847788811 0.081741698086261763 4.4127798080444345 0.33136406540870672 0.183189332485199 0.18019554018974307 0.88239821791648876 0.68272420763969432 0.40408518910408026 0.42587539553642279
decision_type=2 2 2 2 2 2 2 2 2 2 2 2 2 2
left_child=3 2 -2 -1 5 -5 -7 -3 9 -6 -10 -4 -9 -14
right_child=1 7 11 4 8 6 -8 12 10 -11 -12 -13 13 -15
leaf_value=0.020365269788285748 0.0028461045471643012 -0.031111777037975803 0.030443861191983716 -0.012627890531647631 -0.002745189069843188 -0.041389341165832101 0.0033029683656823775 0.0072503754312623772 -0.017727686558726655 0.040860389940030863 0.016809836693650666 0.047804784128434655 -0.048717969932770604 -0.0017738093506863282
leaf_weight=282.78534357511671 314.1132982049312 67.100973873835756 404.9109746243339 498.12952011745074 4590.4596875497955 290.83525458129589 47.102598096738802 615.58321339974646 509.43881687859539 90.58792855750653 84.765096314135008 361.97249140311033 53.27141409763135 788.83020085134194
leaf_count=4054 17959 30507 11546 116748 360139 209319 26193 34042 73582 3979 3132 4655 7621 43926
internal_value=-3.85786e-10 0.0110914 0.0282867 -0.0045211 -0.00567579 -0.02177 -0.0351687 -0.00110978 -0.0031214 -0.00189278 -0.0127808 0.0386899 0.000291673 -0.00479776
internal_weight=8999.89 2605.78 1081 6394.1 6111.32 836.067 337.938 1524.79 5275.25 4681.05 594.204 766.883 1457.68 842.102
internal_count=947402 150256 34160 797146 793092 352260 235512 116096 440832 364118 76714 16201 85589 51547
is_linear=0
shrinkage=0.055


Tree=16
num_leaves=15
num_cat=0
split_feature=2 2 2 2 6 2 1 7 6 1 2 5 2 1
split_gain=83.4941 98.3329 74.355 243.969 61.4761 55.017 98.9527 41.6747 39.9016 21.0774 30.7997 20.9748 19.7185 18.5482
threshold=0.26629528403282171 0.2975973933935166 0.29445202648639685 0.26765954494476324 0.3890244215726853 0.0045854174531996259 0.50296309590339672 0.55447328090667736 0.3594364076852799 0.64684641361236583 0.058170380070805557 3.3842465877532963 0.0098908594809472578 0.6380591392517091
decision_type=2 2 2 2 2 2 2 2 2 2 2 2 2 2
left_child=5 2 3 7 -4 -1 8 -2 -7 10 -8 -11 -10 -3
right_child=1 13 4 -5 -6 6 9 -9 12 11 -12 -13 -14 -15
leaf_value=0.015342128225937116 0.011668257241479711 -0.017538370272081064 -0.004951650605951533 -0.048234393734750393 0.043033740845504424 -0.044557836087486542 -0.0013351064705078774 0.046645225635560672 0.0027366596680489974 0.0074766541253374896 -0.017357209365556205 -0.0023262806592779994 -0.022387755827624003 0.0012127815733911703
leaf_weight=436.36377234844258 203.15906490170164 180.18417695548851 97.629842006717809 172.1341168366489 461.18483422556892 207.44976266844606 914.63848204998067 209.98110970039852 128.55697112175403 868.271976547956 600.89865717112843 2744.9031248388928 353.53925454898854 1337.333249491232
leaf_count=11792 3124 57708 1434 25565 2702 160469 120084 1335 15436 47468 145916 176207 119774 58388
internal_value=-1.36685e-11 0.00815705 0.0203247 0.00660514 0.0346564 -0.00347192 -0.00488535 0.0295152 -0.0244312 -0.0022532 -0.007695 3.0852e-05 -0.0156962 -0.00102374
internal_weight=8916.23 2661.61 1144.09 585.274 558.815 6254.62 5818.26 413.14 689.546 5128.71 1515.54 3613.18 482.096 1517.52
internal_count=947402 150256 34160 30024 4136 797146 785354 4459 295679 489675 266000 223675 135210 116096
is_linear=0
shrinkage=0.055


Tree=17
num_leaves=15
num_cat=0
split_feature=2 2 7 2 3 2 5 2 2 1 1 2 5 0
split_gain=93.8251 165.726 85.0626 50.1118 73.8833 27.2875 23.6253 21.8082 45.7638 21.8909 20.7193 36.055 20.4827 16.8067
threshold=0.26629528403282171 0.2975973933935166 0.38954593241214758 0.0029937850777059798 0.2437354847788811 0.081741698086261763 4.4127798080444345 0.340078815817833 0.35663938522338873 0.72056108713150036 0.64684641361236583 0.038843413814902313 3.3842465877532963 0.78000605106353771
decision_type=2 2 2 2 2 2 2 2 2 2 2 2 2 2
left_child=3 2 -2 -1 5 -5 -7 -3 9 -9 11 -6 -12 -10
right_child=1 7 -4 4 10 6 -8 8 13 -11 12 -13 -14 -15
leaf_value=0.0192474315690092 0.001396835126030099 -0.019555990531574082 0.035990126201990123 -0.012008391278852136 -2.7043207042907401e-05 -0.038904237889792082 0.0032815999340310492 -0.00074838177612249809 -0.0074724807668669615 0.03708569508004142 0.0073129591987782369 -0.016793413095389686 -0.0023490036733782209 0.0090398254905261922
leaf_weight=275.11215087131131 304.53422031314403 196.9923473840754 731.20296262094053 495.16452332657354 863.28915465419414 270.84100062600919 46.944216639734805 70.701232863371843 942.57079335472372 132.61810153082479 877.92383930570213 703.69158782406885 2709.6247233599133 231.48668085958343
leaf_count=4054 17959 22516 16201 116748 81377 209319 26193 2849 83480 1479 45161 142375 171919 5772
internal_value=1.822e-10 0.00875468 0.0258299 -0.00366126 -0.00472044 -0.0201199 -0.0326817 -0.00248796 -3.44719e-05 0.0239902 -0.00228828 -0.00756231 1.67942e-05 -0.00421186
internal_weight=8852.7 2610.11 1035.74 6242.59 5967.48 812.95 317.785 1574.37 1377.38 203.319 5154.53 1566.98 3587.55 1174.06
internal_count=947402 150256 34160 797146 793092 352260 235512 116096 93580 4328 440832 223752 217080 89252
is_linear=0
shrinkage=0.055


Tree=18
num_leaves=15
num_cat=0
split_feature=2 2 1 0 2 3 1 5 1 2 5 1 1 2
split_gain=76.0608 85.3795 53.6451 46.0396 44.1806 64.0097 38.9143 37.0924 26.8767 24.8495 21.3066 19.8915 16.5619 29.6997
threshold=0.26629528403282171 0.35663938522338873 0.53800708055496227 0.31754367053508764 0.0029937850777059798 0.2437354847788811 0.73374488949775707 4.0163424015045175 0.34360256791114813 0.081741698086261763 4.4127798080444345 0.73101770877838146 0.64684641361236583 0.058170380070805557
decision_type=2 2 2 2 2 2 2 2 2 2 2 2 2 2
left_child=4 2 7 11 -1 9 -5 -2 -9 -6 -11 -4 13 -7
right_child=1 -3 3 6 5 12 -8 8 -10 10 -12 -13 -14 -15
leaf_value=0.018319086825187059 -0.026978678440375766 -0.0032540709965496344 0.023789133047068339 -0.021083960102429331 -0.011053667943006974 -0.0014740384214072424 0.017178091427191497 -0.042908248234373315 0.022224961072413316 -0.037340115357243645 0.0026251553267878508 0.043328578428940778 -3.0306718353609593e-05 -0.017756786417584193
leaf_weight=272.29473314032657 124.30676897949888 1145.9919259710296 413.14837775450724 101.18270531893359 478.64187157066772 1025.6243273352156 377.56643650238402 21.358103080114233 135.16959080813103 258.60597913110541 47.63026511593489 260.2110847082804 3608.9590401232126 505.21451306190284
leaf_count=4054 18157 89252 14261 7293 116748 99883 8634 2293 7438 209319 26193 2928 217080 123869
internal_value=1.46864e-10 0.00793539 0.0168802 0.0221304 -0.00330314 -0.00429981 0.00906439 -0.00466087 0.0131216 -0.0189188 -0.0311358 0.031393 -0.00206416 -0.00685583
internal_weight=8775.91 2578.93 1432.94 1152.11 6196.97 5924.68 478.749 280.834 156.528 784.878 306.236 673.359 5139.8 1530.84
internal_count=947402 150256 61004 33116 797146 793092 15927 27888 9731 352260 235512 17189 440832 223752
is_linear=0
shrinkage=0.055


Tree=19
num_leaves=15
num_cat=0
split_feature=2 2 2 2 6 0 2 1 2 7 2 2 1 2
split_gain=57.0028 72.314 87.2701 261.281 41.237 40.966 36.7029 38.9429 31.8662 31.6914 28.0637 26.945 25.5842 17.0502
threshold=0.26629528403282171 0.2975973933935166 0.29445202648639685 0.26765954494476324 0.41269202530384069 1.0000000180025095e-35 0.0029937850777059798 0.56569290161132824 0.088373500853776946 0.55447328090667736 0.340078815817833 0.35663938522338873 0.72056108713150036 0.37850537896156317
decision_type=2 2 2 2 2 2 2 2 2 2 2 2 2 2
left_child=5 2 3 9 -4 -1 -7 8 -8 -2 -3 12 -12 -13
right_child=1 10 4 -5 -6 6 7 -9 -10 -11 11 13 -14 -15
leaf_value=-0.028673124295256473 0.011979930909452131 -0.020008139034948108 -0.0018273971823836105 -0.050885088996753078 0.0406214977279468 0.01764458930849536 -0.006237088436308498 -0.00071809445403922989 -0.026297877726894504 0.0434256907270862 -0.0052815694170808523 -0.026253370354238706 0.035365540535593133 0.00045562399441203367
leaf_weight=179.89166993565595 187.70220665185479 202.62062298980891 82.131365452194586 184.82678573853627 436.78503578482196 270.70986132626422 842.57141193302232 4500.9260001557268 334.20676303051732 201.84543461143039 73.672552554111462 76.877347705667489 126.51444647810422 1009.1909938253666
leaf_count=127110 3124 22516 1466 25565 2670 4053 129560 352837 183586 1335 2849 15227 1479 74025
internal_value=-1.10878e-10 0.00685282 0.0175868 0.00280431 0.0339123 -0.00288809 -0.00210361 -0.00304814 -0.0119519 0.0283431 -0.00103573 0.00196616 0.0204547 -0.00145738
internal_weight=8710.47 2582.17 1093.29 574.374 518.916 6128.31 5948.41 5677.7 1176.78 389.548 1488.88 1286.26 200.187 1086.07
internal_count=947402 150256 34160 30024 4136 797146 670036 665983 313146 4459 116096 93580 4328 89252
is_linear=0
shrinkage=0.055


Tree=20
num_leaves=15
num_cat=0
split_feature=2 2 7 2 3 2 2 1 2 5 5 1 2 1
split_gain=89.9112 123.153 49.5369 40.0815 51.2459 21.471 88.0991 21.461 32.4055 22.0685 16.9521 17.0081 15.891 15.5463
threshold=0.26629528403282171 0.2975973933935166 0.38954593241214758 0.0029937850777059798 0.16592468321323398 0.29445202648639685 0.26765954494476324 0.6380591392517091 0.058170380070805557 3.7494349479675297 4.3372693061828622 0.34360256791114813 0.0067833862267434606 0.71784722805023204
decision_type=2 2 2 2 2 2 2 2 2 2 2 2 2 2
left_child=3 2 10 -1 12 6 -4 8 -6 -9 -2 -12 -5 -3
right_child=1 13 5 4 7 -7 -8 9 -10 -11 11 -13 -14 -15
leaf_value=0.017299001558814447 -0.0028021306598821063 -0.010578812780721375 0.036038321351187473 0.020266828777042448 -0.0031267804363007985 0.040976539833559512 -0.031909762879005182 0.003566616907374164 -0.017843011720979698 -0.0048585572413015754 -0.033188047860494792 0.043685030919620386 -0.0445349071506939 0.002217539268655228
leaf_weight=266.71361044386867 219.49778777179017 388.10553048065049 271.71628732548561 12.089971899054943 1277.4198653081839 363.94761220132932 72.383182864112314 1628.0155809431744 700.51405162676383 2224.1163108039473 9.8010404750239086 48.295844593318179 118.34396554009436 1095.6989668191527
leaf_count=4054 16137 77117 2297 1042 174871 2179 11725 90544 251908 149581 621 1201 125146 38979
internal_value=3.84465e-10 0.00887846 0.0239378 -0.00352168 -0.00445608 0.0316494 0.021694 -0.00368976 -0.00834513 -0.00129785 0.00422536 0.0303743 -0.0384199 -0.00113436
internal_weight=8696.66 2469.45 985.642 6227.21 5960.5 708.047 344.099 5830.07 1977.93 3852.13 277.595 58.0969 130.434 1483.8
internal_count=947402 150256 34160 797146 793092 16201 14022 666904 426779 240125 17959 1822 126188 116096
is_linear=0
shrinkage=0.055


Tree=21
num_leaves=15
num_cat=0
split_feature=2 2 7 2 3 5 2 2 2 7 5 1 0 6
split_gain=75.976 143.875 53.0968 35.5993 48.7208 21.0593 17.6923 50.4694 24.2766 17.0113 15.61 17.5641 15.5104 15.1384
threshold=0.26629528403282171 0.2975973933935166 0.38954593241214758 0.0029937850777059798 0.19274720549583438 4.4829866886138925 0.18436410278081897 0.18019554018974307 0.23810065537691119 0.68272420763969432 4.3372693061828622 0.32906226813793188 0.27286595106124883 0.31291848421096807
decision_type=2 2 2 2 2 2 2 2 2 2 2 2 2 2
left_child=3 2 10 13 5 -5 7 -6 -8 12 -2 -12 -4 -1
right_child=1 -3 9 4 6 -7 8 -9 -10 -11 11 -13 -14 -15
leaf_value=-0.0098087863201670976 -0.0020634835880680162 -0.002325412205950686 0.031124690697481472 -0.033245390241564005 -0.0031627667190242772 0.019299811634451571 -0.024291609840264287 0.025772622056465421 -0.0011181564125806341 0.042708263454090512 -0.060387064744501666 0.040630910515963153 0.0038189130110812945 0.023006062057875778
leaf_weight=52.566184935392812 219.44040447265434 1522.8998883629683 281.11421731897281 224.0765703474317 4918.6545773156977 25.057579218730098 267.70847859394416 188.3697053706419 278.67701912130724 311.46913071139716 4.9166395122010718 49.54577283342951 81.386207557778107 211.39184201438911
leaf_count=1079 16137 116096 6979 167526 508192 12358 67014 8585 29417 4655 529 1293 4567 2975
internal_value=-2.67636e-10 0.00814728 0.024958 -0.00326522 -0.0041499 -0.0279044 -0.00309833 -0.00209066 -0.0124959 0.0332465 0.00451635 0.0305871 0.0250215 0.0164588
internal_weight=8637.27 2470.77 947.872 6166.5 5902.54 249.134 5653.41 5107.02 546.385 673.97 273.903 54.4624 362.5 263.958
internal_count=947402 150256 34160 797146 793092 179884 613208 516777 96431 16201 17959 1822 11546 4054
is_linear=0
shrinkage=0.055


Tree=22
num_leaves=15
num_cat=0
split_feature=2 2 2 2 2 3 6 7 0 0 6 1 2 2
split_gain=52.1128 108.036 37.69 120.939 32.5639 45.407 30.7997 29.8689 22.7781 20.3248 19.4424 18.2297 23.9726 16.1592
threshold=0.26629528403282171 0.2975973933935166 0.29445202648639685 0.26765954494476324 0.0029937850777059798 0.19274720549583438 0.49057090282440191 0.55447328090667736 0.12450263649225236 0.30518698692321783 0.39524088799953466 0.6380591392517091 0.035356981679797179 0.39339850842952734
decision_type=2 2 2 2 2 2 2 2 2 2 2 2 2 2
left_child=4 2 3 7 -1 10 8 -2 -4 -5 -6 12 -7 -3
right_child=1 13 6 9 5 11 -8 -9 -10 -11 -12 -13 -14 -15
leaf_value=0.016230776065498057 0.0095024680163411229 0.0046029217011333036 0.012144939881024323 -0.062401514774619117 -0.039089740438930064 -0.00098876297240546129 0.038656574239926578 0.04083417684512046 -0.080383048474582983 -0.015827632897410463 -0.0062030693038556579 -0.00041225570585253142 -0.01360427017162219 -0.0069878802100574967
leaf_weight=261.00984254694777 182.08666499983519 598.29737447922525 87.624136227183044 56.250249039905611 149.79151340934914 939.74265394773101 391.02397308085347 186.76075071725063 7.8540402678772798 57.948793245624984 85.728718341779313 3777.6193009535054 883.83428878303675 925.39489216238144
leaf_count=4054 3124 48712 1471 19356 147766 117179 2514 1335 151 6209 32118 240125 255904 67384
internal_value=-1.0343e-10 0.00669751 0.0210399 0.0101257 -0.00273913 -0.00359007 0.0318335 0.0254344 0.0037793 -0.0391108 -0.0271959 -0.00259281 -0.00710723 -0.00243657
internal_weight=8590.97 2493.24 969.549 483.046 6097.73 5836.72 486.502 368.847 95.4782 114.199 235.52 5601.2 1823.58 1523.69
internal_count=947402 150256 34160 30024 797146 793092 4136 4459 1622 25565 179884 613208 373083 116096
is_linear=0
shrinkage=0.055


Tree=23
num_leaves=15
num_cat=0
split_feature=2 2 7 2 3 1 2 5 5 1 2 2 1 5
split_gain=67.3901 119.129 44.9112 29.49 39.7118 16.8707 26.677 16.6177 16.5539 15.9538 14.5278 27.7686 22.5201 14.1608
threshold=0.26629528403282171 0.2975973933935166 0.38954593241214758 0.0029937850777059798 0.16592468321323398 0.62111404538154613 0.18436410278081897 3.3842465877532963 4.3372693061828622 0.34360256791114813 0.340078815817833 0.35663938522338873 0.72056108713150036 3.3842465877532963
decision_type=2 2 2 2 2 2 2 2 2 2 2 2 2 2
left_child=3 2 8 13 -5 6 -6 -7 -2 -10 -3 12 -12 -1
right_child=1 10 -4 4 5 7 -8 -9 9 -11 11 -13 -14 -15
leaf_value=0.0030817072899961204 -0.0023968286326877084 -0.016833888041103397 0.030941353742557201 -0.035424662518739304 -0.0057370483226028991 0.0050158331742831304 -0.030795251166924921 -0.0032498671343244782 -0.051001908867965351 0.042063404675663219 -0.0047826211006131228 -0.0032538998556304647 0.03388998961342031 0.028714785188949373
leaf_weight=140.94853140064515 218.13197126437444 173.0028670749889 659.30647013455746 117.18363321147626 1576.7151812466036 965.48543448995042 139.02905709957849 3081.4439926132327 5.4449954270385197 47.268649889912922 72.798680511201383 1114.2623277959792 119.70744467299664 120.73907897755271
leaf_count=2430 16137 22516 16201 126188 323386 57456 71107 214955 621 1201 2849 89252 1479 1624
internal_value=-5.55771e-10 0.00779242 0.0232048 -0.00305849 -0.0038634 -0.00321556 -0.0077843 -0.00127715 0.00432751 0.0316798 -0.0019046 8.32494e-05 0.0193163 0.0149727
internal_weight=8551.47 2409.92 930.152 6141.54 5879.86 5762.67 1715.74 4046.93 270.846 52.7136 1479.77 1306.77 192.506 261.688
internal_count=947402 150256 34160 797146 793092 666904 394493 272411 17959 1822 116096 93580 4328 4054
is_linear=0
shrinkage=0.055


Tree=24
num_leaves=15
num_cat=0
split_feature=2 2 2 2 7 2 3 6 2 2 2 1 3 1
split_gain=49.6056 73.3814 45.6318 131.25 27.8645 27.204 34.6118 26.697 15.1371 14.7489 49.8201 20.0087 14.5011 14.0609
threshold=0.26629528403282171 0.2975973933935166 0.29445202648639685 0.26765954494476324 0.55447328090667736 0.0029937850777059798 0.16592468321323398 0.3890244215726853 0.0067833862267434606 0.183189332485199 0.18019554018974307 0.63475188612937938 0.17351555079221728 0.52468881011009227
decision_type=2 2 2 2 2 2 2 2 2 2 2 2 2 2
left_child=5 2 3 4 -2 -1 8 12 -7 10 -8 -11 -4 -3
right_child=1 13 7 -5 -6 6 9 -9 -10 11 -12 -13 -14 -15
leaf_value=0.014677194322058038 0.0086095490389274144 -0.026027916310733645 0.043639789170956622 -0.039746452404126012 0.039182907682173994 0.031130571354524194 -0.002913276023234608 0.036318255894369239 -0.039857183586048485 -0.028647493509399994 0.026841884677385856 -0.0050958608299662622 -0.012646982164510519 4.39811107824546e-06
leaf_weight=261.71704188745935 181.07410040032119 64.768161555257393 17.087139426032081 133.28534091694746 180.07354462263174 9.2390322629362327 4986.4992505777482 396.29044526076177 101.62539475168887 146.80309287823184 175.2370305438817 419.26996419442003 58.04463057895191 1374.2038816248387
leaf_count=4054 3124 31144 484 25565 1335 1042 548684 2702 125146 76178 6403 35639 950 84952
internal_value=1.81278e-11 0.00668831 0.0184068 0.0067117 0.02392 -0.00263725 -0.00341575 0.0306325 -0.0337159 -0.00282349 -0.00189811 -0.0112434 0.000559327 -0.00118458
internal_weight=8505.22 2404.83 965.855 494.433 361.148 6100.39 5838.67 471.422 110.864 5727.81 5161.74 566.073 75.1318 1438.97
internal_count=947402 150256 34160 30024 4459 797146 793092 4136 126188 666904 555087 111817 1434 116096
is_linear=0
shrinkage=0.055


Tree=25
num_leaves=15
num_cat=0
split_feature=2 2 7 2 1 6 1 5 1 2 2 1 2 7
split_gain=53.3275 102.926 40.9652 24.561 42.048 22.8229 19.7681 16.0553 14.4502 14.2528 13.413 27.7814 24.9269 18.3938
threshold=0.26629528403282171 0.2975973933935166 0.38954593241214758 0.0045854174531996259 0.50296309590339672 0.3594364076852799 0.37048728764057165 4.3372693061828622 0.34360256791114813 0.0098908594809472578 0.39339850842952734 0.71784722805023204 0.340078815817833 0.97531843185424816
decision_type=2 2 2 2 2 2 2 2 2 2 2 2 2 2
left_child=3 2 7 6 5 -5 -1 -2 -9 -7 11 -3 -13 -12
right_child=1 10 -4 4 -6 9 -8 8 -10 -11 13 12 -14 -15
leaf_value=0.024451277322086792 -0.0029001665240600584 -0.012167305502273835 0.029226746620267613 -0.035121550309378233 -0.0020463003992135763 0.0048935765780872232 0.00017377835806912703 -0.050150232816199909 0.040855460521378381 -0.017096365282284129 -0.0032894863237332103 -0.012229019921992514 0.021125785398233884 -0.027785722663441866
leaf_weight=170.83973827195587 218.68576492836291 195.35492819749925 633.51275451725814 160.63335169103811 5080.5683037573617 123.68695795047097 247.74279282795032 5.0883407114015418 46.143333496758714 314.98169712103117 801.29166689568956 87.736322257143911 288.81940905848751 103.92222323012538
leaf_count=3751 16137 36337 16201 160469 489675 15436 8041 621 1201 119774 64905 5079 7296 2479
internal_value=6.53748e-11 0.00697959 0.0215919 -0.00272521 -0.00367324 -0.0174392 0.010117 0.00363065 0.0310297 -0.0108991 -0.00196605 0.0046227 0.0133424 -0.00612931
internal_weight=8479.01 2380.55 903.43 6098.45 5679.87 599.302 418.583 269.917 51.2317 438.669 1477.12 571.911 376.556 905.214
internal_count=947402 150256 34160 797146 785354 295679 11792 17959 1822 135210 116096 48712 12375 67384
is_linear=0
shrinkage=0.055


Tree=26
num_leaves=15
num_cat=0
split_feature=2 2 1 0 2 5 6 2 2 2 1 2 3 0
split_gain=45.2495 68.3864 30.4307 38.2108 30.6866 30.3775 23.6642 23.5923 22.2692 31.3734 18.2993 26.9987 14.1516 12.2582
threshold=0.26629528403282171 0.35663938522338873 0.53800708055496227 0.31323845684528356 0.29445202648639685 4.0689902305603036 0.088458023965358748 0.0029937850777059798 0.37850537896156317 0.38271184265613561 0.49398154020309454 0.0098908594809472578 0.17351555079221728 0.78000605106353771
decision_type=2 2 2 2 2 2 2 2 2 2 2 2 2 2
left_child=6 2 5 -4 -5 12 -1 -8 -3 -10 11 -9 -2 -11
right_child=1 8 3 4 -6 -7 7 10 9 13 -12 -13 -14 -15
leaf_value=-0.019623601794255999 0.0087413114936847648 -0.028938011986634437 0.028584508305377485 -0.015020306176945631 0.017114779688997266 0.017209913998374533 0.014630549882082644 0.0016953677887228125 0.032362435579643412 -0.0072907453696462628 -0.0014605803139131957 -0.021559776824858056 -0.033273006240710758 0.0069790767179175135
leaf_weight=234.05247811222216 33.030053207126912 92.989933273885981 588.18632664775942 132.42595058286679 274.8973753604223 121.0170396076137 251.23144709522603 265.65599450012087 77.903769145050319 723.46776669548126 4985.2783875580353 348.54840045286619 86.690151342074387 242.3634732743958
leaf_count=154039 5272 15227 16899 6170 10047 8749 3884 22443 2181 66282 443154 173626 13867 5562
internal_value=2.77174e-10 0.00644037 0.0153883 0.0196279 0.00665606 -0.00215252 -0.0025123 -0.00182454 -0.00329589 -0.000985838 -0.00256531 -0.011515 -0.0217051 -0.00370639
internal_weight=8457.74 2372.97 1236.25 995.51 407.323 240.737 6084.77 5850.71 1136.72 1043.74 5599.48 614.204 119.72 965.831
internal_count=947402 150256 61004 33116 16217 27888 797146 643107 89252 74025 639223 196069 19139 71844
is_linear=0
shrinkage=0.055


Tree=27
num_leaves=15
num_cat=0
split_feature=2 2 2 2 7 6 2 3 2 2 1 0 5 6
split_gain=42.7011 60.8227 37.22 109.508 25.5565 24.1679 22.7337 26.4325 21.5023 18.9031 23.9563 17.5872 17.3127 14.6023
threshold=0.26629528403282171 0.2975973933935166 0.29445202648639685 0.26765954494476324 0.68272420763969432 0.37753869593143469 0.0029937850777059798 0.2437354847788811 0.340078815817833 0.35663938522338873 0.72056108713150036 0.30518698692321783 3.7256208658218388 0.27344229817390447
decision_type=2 2 2 2 2 2 2 2 2 2 2 2 2 2
left_child=6 2 3 4 -2 13 -1 12 -3 10 -10 -5 -8 -4
right_child=1 8 5 11 -6 -7 7 -9 9 -11 -12 -13 -14 -15
leaf_value=0.013667048805416767 0.011732387485367488 -0.018842605643620492 0.0088800889891632213 -0.061002524147132052 0.043695730769928394 0.034247881842790116 -0.024737542292668797 -0.0017733279301255823 -0.0067886136489887896 -0.0011272136416134782 0.03300107744879982 -0.018731630243121682 -0.0066578021392603966 -0.064938246126794372
leaf_weight=253.09152529877611 231.7192677850835 174.07072532104212 66.594819458434358 55.229923210295965 112.19361991726328 376.46791559155099 250.39334313460131 5121.9624810572277 74.274203299341025 1069.5763904516352 117.0649966482888 66.081764283619123 444.81438121950487 8.2108451158273947
leaf_count=4054 3719 22516 1175 19356 740 2725 136421 440832 2849 89252 1479 6209 215839 236
internal_value=7.32547e-12 0.0062908 0.0173508 0.0064126 0.0222561 0.028588 -0.00243755 -0.00314045 -0.000780155 0.00172634 0.0176005 -0.0383178 -0.0131958 2.78592e-05
internal_weight=8421.75 2351.48 916.498 465.225 343.913 451.274 6070.26 5817.17 1434.99 1260.92 191.339 121.312 695.208 74.8057
internal_count=947402 150256 34160 30024 4459 4136 797146 793092 116096 93580 4328 25565 352260 1411
is_linear=0
shrinkage=0.055


Tree=28
num_leaves=15
num_cat=0
split_feature=2 2 7 2 3 0 1 1 0 5 5 7 3 5
split_gain=54.1622 71.9462 34.0764 22.0236 24.0972 13.6617 19.481 13.4913 12.8599 16.139 12.811 12.6869 12.1122 11.8581
threshold=0.26629528403282171 0.2975973933935166 0.27871307730674749 0.0029937850777059798 0.15787361562252047 0.46657235920429235 0.73634731769561779 0.25366498529911047 0.90595734119415294 4.0342013835906991 3.3842465877532963 0.35223026573657995 0.33136406540870672 4.4127798080444345
decision_type=2 2 2 2 2 2 2 2 2 2 2 2 2 2
left_child=3 2 7 10 -5 6 -4 -2 11 -10 -1 -6 13 -3
right_child=1 12 5 4 8 -7 -8 -9 9 -11 -12 -13 -14 -15
leaf_value=0.0020052560997541559 -0.068788890267258748 -0.033411434856386882 0.018861609501272133 -0.032464019660210931 -0.0087747475611389177 -0.0013572812828821078 0.038106374501798719 8.4876488546495419e-05 0.034009877398776631 -0.044639458444588977 0.026897030882098182 -0.002018215510892108 0.00064577003757248347 0.041629728419169523
leaf_weight=139.65761586441658 8.1542508062848338 52.215609710183344 388.81600570591399 84.016830026619573 1023.8885685000278 56.237845350289717 273.45392197137699 142.94977098370146 50.916657828027382 8.4175279134651628 112.53537350875558 4683.4754983151797 1364.0654207264015 6.3739056655904269
leaf_count=2430 1666 28266 15743 112756 238530 2000 3776 10975 848 254 1624 440704 85589 2241
internal_value=-1.13234e-11 0.00720645 0.0196595 -0.0027075 -0.00339424 0.0246465 0.0268533 -0.00405967 -0.00296516 0.0222972 0.013175 -0.00323165 -0.000414088 -0.0246862
internal_weight=8395.17 2292.27 869.612 6102.91 5850.72 718.508 662.27 151.104 5766.7 59.3342 252.193 5707.36 1422.65 58.5895
internal_count=947402 150256 34160 797146 793092 21519 19519 12641 680336 1102 4054 679234 116096 30507
is_linear=0
shrinkage=0.055


Tree=29
num_leaves=15
num_cat=0
split_feature=2 2 2 2 7 3 2 6 0 7 5 5 6 1
split_gain=36.7217 56.3407 37.9451 95.4298 26.6248 19.0668 17.8872 17.6162 14.2914 14.5859 12.2935 11.4754 10.3141 10.0469
threshold=0.26629528403282171 0.2975973933935166 0.29445202648639685 0.26765954494476324 0.55447328090667736 0.13123639672994616 0.0029937850777059798 0.49057090282440191 0.90595734119415294 0.32733203470706945 3.3842465877532963 3.1567740440368657 0.6984342932701112 0.57060092687606823
decision_type=2 2 2 2 2 2 2 2 2 2 2 2 2 2
left_child=5 2 3 4 -2 -1 10 -4 9 -8 11 -7 -12 -3
right_child=1 13 7 -5 -6 6 8 -9 -10 -11 12 -13 -14 -15
leaf_value=-0.036983821310174178 0.0054556605560167068 -0.018347374267093472 0.0066644895089026795 -0.0359033930835728 0.036213514952109706 0.0071844573069057647 -0.0094447484583909513 0.033959312887530221 0.021407881894844133 -0.0017346721681458115 -0.020012690645795084 -0.042058853425003817 0.032090771448342728 0.00031227095889670777
leaf_weight=46.489584306593315 173.37556125718402 92.336358919288614 90.913807798409835 121.93955986834771 167.06545725616161 121.58865649171639 877.85397495139841 344.49702942860313 72.935748833464459 4779.6848635258139 12.3325107851997 15.209076588973401 97.394820555055048 1346.2870919626439
leaf_count=71639 3124 41318 1622 25565 1335 1945 251392 2514 1102 469024 381 448 1215 74778
internal_value=-9.75471e-11 0.00585145 0.0166546 0.00566193 0.0206114 -0.00227028 -0.00199413 0.0282885 -0.00261899 -0.00293247 0.0124826 0.00144413 0.0261069 -0.000897289
internal_weight=8359.9 2336.41 897.791 462.381 340.441 6023.49 5977 435.411 5730.47 5657.54 246.525 136.798 109.727 1438.62
internal_count=947402 150256 34160 30024 4459 797146 725507 4136 721518 720416 3989 2393 1596 116096
is_linear=0
shrinkage=0.055


Tree=30
num_leaves=15
num_cat=0
split_feature=2 2 1 5 1 2 3 5 0 3 7 0 7 1
split_gain=39.4065 75.9548 32.9752 24.0944 22.5182 20.5333 27.6053 15.2629 14.2614 13.5857 11.7901 11.7375 13.3578 10.9223
threshold=0.26629528403282171 0.2975973933935166 0.53800708055496227 4.0163424015045175 0.34360256791114813 0.0045854174531996259 0.16592468321323398 3.7494349479675297 0.31754367053508764 0.49849812686443334 0.67360585927963268 0.90595734119415294 0.32450887560844427 0.37048728764057165
decision_type=2 2 2 2 2 2 2 2 2 2 2 2 2 2
left_child=5 2 3 7 -5 13 -7 -2 10 -10 -4 12 -8 -1
right_child=1 -3 8 4 -6 6 11 -9 9 -11 -12 -13 -14 -15
leaf_value=0.020155033569731938 -0.0050654598016783214 -0.0014766382585073687 0.023773268331755075 -0.04921725483614188 0.024738643693327178 -0.033447847029254692 -0.010350034492920037 -0.052697522622992939 -0.020479388817735037 0.019142693811623378 0.042293996609971546 0.019359214597873424 -0.0019931376333373382 0.0017301751255194881
leaf_weight=171.43514686566778 63.055408251500921 1469.5870297250658 292.61375395514187 13.101987704081692 109.30179739939922 88.835486253221461 657.06323067573248 29.222668593458366 31.102432994259289 143.56854916567681 166.5914188035531 70.964150769461412 4798.5878616533737 223.91912529192632
leaf_count=3751 7440 116096 8897 1574 4428 125711 188174 3420 2667 4048 1686 1098 470371 8041
internal_value=-1.56829e-10 0.00609029 0.0191815 0.000544904 0.0164878 -0.00234942 -0.00320289 -0.0205528 0.0254825 0.0120111 0.0305696 -0.00271076 -0.00300133 0.00975033
internal_weight=8328.95 2318.15 848.558 214.682 122.404 6010.81 5615.45 92.2781 633.876 174.671 459.205 5526.62 5455.65 395.354
internal_count=947402 150256 34160 16862 6002 797146 785354 10860 17298 6715 10583 659643 658545 11792
is_linear=0
shrinkage=0.055


Tree=31
num_leaves=15
num_cat=0
split_feature=2 2 2 2 7 2 3 6 6 6 0 5 7 6
split_gain=31.742 63.571 29.5404 77.6353 21.1298 18.0246 24.9896 17.5042 11.8192 24.527 16.731 11.3659 10.9374 18.0689
threshold=0.26629528403282171 0.2975973933935166 0.29445202648639685 0.26765954494476324 0.68272420763969432 0.0045854174531996259 0.16592468321323398 1.5872027277946474 5.90384864807129 6.8243651390075692 0.59905731678009044 4.1026091575622567 0.17058229446411136 1.0893747806549074
decision_type=2 2 2 2 2 2 2 2 2 2 2 2 2 2
left_child=5 2 3 4 -2 12 -7 -4 10 -10 -8 -5 13 -1
right_child=1 -3 7 11 -6 6 8 -9 9 -11 -12 -13 -14 -15
leaf_value=0.004942800396303665 0.010573673710048947 -0.0014899076800090828 0.017035506973101612 -0.015468537093529713 0.040047297186945267 -0.032303923086631228 -0.0028427465160874611 0.039713261003056562 -0.04641506362514531 -0.002372994195008582 0.0094172697173574189 -0.051936404018737163 -0.0046108941072032427 0.034145938428380963
leaf_weight=187.89603566715959 223.54803844232811 1468.0560077982373 219.85829541145358 53.319945960342011 109.49521010299213 85.301011388120969 4952.7960398453724 197.21232743171277 55.35588499752339 119.42196341883391 360.30410850956105 51.50813926756382 123.58931827335618 96.602698979608249
leaf_count=6203 3719 116096 3019 17456 740 125711 645733 1117 2157 2841 8912 8109 4345 1244
internal_value=2.68502e-10 0.00545497 0.0173681 0.00736434 0.0203546 -0.00211915 -0.00293662 0.0278281 -0.00247435 -0.0165068 -0.00200973 -0.0337088 0.00902481 0.0149437
internal_weight=8304.27 2323 854.942 437.871 333.043 5981.27 5573.18 417.071 5487.88 174.778 5313.1 104.828 408.088 284.499
internal_count=947402 150256 34160 30024 4459 797146 785354 4136 659643 4998 654645 25565 11792 7447
is_linear=0
shrinkage=0.055


Tree=32
num_leaves=15
num_cat=0
split_feature=2 2 7 2 3 5 7 1 1 2 2 2 1 2
split_gain=29.0082 79.5991 28.109 18.1169 22.8814 15.2339 11.4847 11.0687 10.7191 11.8609 11.3918 10.5919 20.9236 18.275
threshold=0.26629528403282171 0.2975973933935166 0.38954593241214758 0.0045854174531996259 0.17714844644069674 4.3372693061828622 0.44751647114753729 0.32906226813793188 0.84721171855926525 0.18148400634527209 0.15241776406764987 0.39339850842952734 0.55900472402572643 0.55422917008399974
decision_type=2 2 2 2 2 2 2 2 2 2 2 2 2 2
left_child=3 2 5 -1 6 -2 -5 -7 9 -6 -10 12 -3 -13
right_child=1 11 -4 4 8 7 -8 -9 10 -11 -12 13 -14 -15
leaf_value=0.009085603226165034 -0.0029614272305475797 -0.035094827743793758 0.025755503589598053 -0.0299755218639127 -0.0024000830498800097 -0.063993172202709711 0.073969955377724841 0.038105016845084778 -0.00145860877674503 -0.011636595475409808 0.012446497941880751 -0.016234985669893089 0.0063577099378750411 -0.00010098906130243374
leaf_weight=412.29924934339942 203.12790660862083 38.56612059987674 568.21821134455968 111.24376615289293 4211.6954492440491 2.5615723928640355 2.3820417135721064 44.80166208659648 479.26315816649003 466.361808820031 282.5728662564652 334.61391444205947 534.11161030875519 578.37138323301042
leaf_count=11792 16137 20673 16201 145306 513166 529 283 1293 14386 104135 8078 39135 28039 28249
internal_value=3.31826e-11 0.00523979 0.0189986 -0.00202447 -0.00285079 0.00362974 -0.0271701 0.0313742 -0.00233792 -0.00332317 0.00370849 -0.00235001 0.00350984 -0.00602548
internal_weight=8270.19 2304.37 818.709 5965.82 5553.52 250.491 113.626 47.3632 5439.89 4678.06 761.836 1485.66 572.678 912.985
internal_count=947402 150256 34160 797146 785354 17959 145589 1822 639765 617301 22464 116096 48712 67384
is_linear=0
shrinkage=0.055


Tree=33
num_leaves=15
num_cat=0
split_feature=2 2 2 2 7 2 2 1 6 6 2 2 0 7
split_gain=27.5891 61.6416 24.2708 55.2869 22.1771 16.5872 18.3891 18.2883 15.9092 15.3181 14.2966 13.4093 12.3459 23.1283
threshold=0.26629528403282171 0.2975973933935166 0.29445202648639685 0.26765954494476324 0.55447328090667736 0.340078815817833 0.35663938522338873 0.72056108713150036 1.5872027277946474 0.088458023965358748 0.0029937850777059798 0.37850537896156317 0.23246458917856219 0.38697782158851629
decision_type=2 2 2 2 2 2 2 2 2 2 2 2 2 2
left_child=9 2 3 4 -2 -3 7 -7 -4 -1 -11 -8 13 -12
right_child=1 5 8 -5 -6 6 11 -9 -10 10 12 -13 -14 -15
leaf_value=-0.016296469081067758 0.0044250054133566719 -0.017785109965693845 0.016320505905934542 -0.029063690661873601 0.0330217003354163 -0.0043922949965401496 -0.024063447267696762 0.030984901895762217 0.038131307823427323 0.011687017064822456 -0.013420479598259165 -0.00055155866228088232 0.00067549270677143844 -0.0017471386131104303
leaf_weight=216.70786806982869 167.71786172717111 170.18391668594268 218.92378860106692 94.627512510611268 160.25178426317871 74.185452485107817 78.039762467189576 107.56631244107848 191.48267682059668 239.73545560819912 674.42136147607744 1024.8126104041439 2665.4519938663288 2142.3160064392578
leaf_count=154039 3124 22516 3019 25565 1335 2849 15227 1479 1117 3884 230212 74025 136718 272293
internal_value=1.01774e-10 0.00513038 0.0170515 0.00777176 0.0184558 -0.00170259 0.000440194 0.0166 0.0265647 -0.00197695 -0.00143187 -0.00223559 -0.00200759 -0.0045459
internal_weight=8226.42 2287.79 833.004 422.597 327.97 1454.79 1284.6 181.752 410.406 5938.63 5721.92 1102.85 5482.19 2816.74
internal_count=947402 150256 34160 30024 4459 116096 93580 4328 4136 797146 643107 89252 639223 502505
is_linear=0
shrinkage=0.055


Tree=34
num_leaves=15
num_cat=0
split_feature=2 2 7 2 1 5 7 3 5 5 5 2 2 1
split_gain=31.7697 56.8646 28.6218 16.1029 34.8212 23.9571 19.6294 19.3203 16.0167 14.3389 11.4581 17.2197 13.4208 10.325
threshold=0.26629528403282171 0.2975973933935166 0.38954593241214758 0.0098908594809472578 0.46161447465419775 4.424828529357911 0.44751647114753729 0.44344641268253332 4.1026091575622567 4.3372693061828622 4.0859410762786874 0.14972715079784396 0.18436410278081897 0.34360256791114813
decision_type=2 2 2 2 2 2 2 2 2 2 2 2 2 2
left_child=3 2 9 6 5 -5 7 8 -1 -2 12 -12 -6 -11
right_child=1 -3 -4 4 10 -7 -8 -9 -10 13 11 -13 -14 -15
leaf_value=-0.0016509032385681542 -0.0045507682485323876 -0.0010304820596934133 0.024137009739295529 -0.028478449859950926 0.00095879269296556089 0.018818634349403764 -0.021200160004950445 0.03017660898449781 0.018424253355005478 -0.049245717692658189 -0.0088705739687239948 0.0042320259911672198 -0.010972133467173696 0.037323248412242313
leaf_weight=396.86073224752909 203.63668846749351 1419.7031267139246 559.03302403888665 239.53704077892326 2930.9282528157928 36.730305358709302 74.237752163608093 103.42892455664696 171.37756360994535 3.7554303672513916 1289.1709667021059 396.04397873628477 314.9382455375744 41.770100502879359
leaf_count=30600 16137 116096 16201 203611 277447 22696 6214 2644 8941 621 147171 48678 49144 1201
internal_value=-4.87207e-11 0.00560115 0.0172374 -0.00209672 -0.00317946 -0.022145 0.00545633 0.00842974 0.00442538 0.0017224 -0.00211263 -0.00579064 -0.000201858 0.0292771
internal_weight=8181.15 2227.9 808.195 5953.25 5207.35 276.267 745.905 671.667 568.238 249.162 4931.08 1685.21 3245.87 45.5255
internal_count=947402 150256 34160 797146 748747 226307 48399 42185 39541 17959 522440 195849 326591 1822
is_linear=0
shrinkage=0.055


Tree=35
num_leaves=15
num_cat=0
split_feature=2 2 7 2 2 2 2 2 1 5 2 2 5 7
split_gain=25.6417 49.4816 19.9067 15.5048 63.6463 30.9055 21.9784 17.5209 16.9684 14.1276 14.1039 45.5191 14.0843 14.0581
threshold=0.26629528403282171 0.2975973933935166 0.38954593241214758 0.183189332485199 0.18019554018974307 0.18148400634527209 0.078937396407127394 0.23810065537691119 0.81067675352096569 4.3372693061828622 0.29445202648639685 0.26765954494476324 4.5271940231323251 0.97531843185424816
decision_type=2 2 2 2 2 2 2 2 2 2 2 2 2 2
left_child=3 2 9 4 6 -6 13 -5 -8 -2 11 -4 -9 -1
right_child=1 -3 10 7 5 -7 8 12 -10 -11 -12 -13 -14 -15
leaf_value=0.00047234731753422723 -0.0035234638293490522 -0.0011766345877771303 0.025836616533332607 -0.020086857490936447 0.046937112089552806 -0.001020369640218896 -0.011487724183210535 -0.0042776437833517934 0.0010190598265187379 0.030340834887930289 0.030369156487043601 -0.023105393969196773 0.041251939475667666 -0.042479916207885486
leaf_weight=3632.0902076174971 201.71911163230834 1426.2891049689788 217.67174613242969 286.03211920097965 120.62137049535522 60.992087817583524 1064.1293660960364 237.66580665492802 474.04447913757758 44.668673137406586 275.52497785072774 77.115978448127862 21.489699519152055 22.197692944988376
leaf_count=346003 16137 116096 2297 105306 4667 4727 282312 36566 14879 1822 2179 11725 1977 709
internal_value=-3.26504e-10 0.00500654 0.0157931 -0.00189766 -0.00100015 0.0309139 -0.00212212 -0.0107266 -0.00763514 0.00271376 0.021429 0.0129986 -0.000358184 0.000199887
internal_weight=8162.25 2242.99 816.7 5919.26 5374.08 181.613 5192.46 545.188 1538.17 246.388 570.313 294.788 259.156 3654.29
internal_count=947402 150256 34160 797146 653297 9394 643903 143849 297191 17959 16201 14022 38543 346712
is_linear=0
shrinkage=0.055


Tree=36
num_leaves=15
num_cat=0
split_feature=2 2 7 0 2 1 0 5 3 7 3 2 5 1
split_gain=23.0684 54.2549 22.5606 18.8428 19.3022 17.2779 16.1576 17.2291 15.5452 13.9863 14.793 14.1499 13.829 16.5469
threshold=0.26629528403282171 0.2975973933935166 0.67360585927963268 0.2601954191923142 0.081741698086261763 0.31705570220947271 0.12450263649225236 3.3497501611709599 0.20048016309738162 0.27289597690105444 0.63120734691619884 0.034750644117593772 4.3372693061828622 0.5399063527584077
decision_type=2 2 2 2 2 2 2 2 2 2 2 2 2 2
left_child=3 2 12 4 6 -6 7 -1 -8 10 11 -5 13 -2
right_child=1 -3 -4 9 5 -7 8 -9 -10 -11 -12 -13 -14 -15
leaf_value=-0.011573209027583388 -0.0096269125676018558 -0.0016085071082992063 0.029345918419772399 0.013945796225118748 -0.04357650065458684 -0.009016737232431446 0.024688898180880527 0.0056576955167030154 -0.0076398603300694336 0.00037532434449562865 0.047027422357441839 -0.022433723078704018 0.028161676278022515 0.013128693745664262
leaf_weight=210.66401552347816 145.78244751179591 1437.230094000719 265.81184020108776 219.62422948126914 44.782291225368681 1038.9516558671421 45.944196060794638 1028.33683995514 1104.092520397724 2136.9017405183113 33.571283722994849 36.974515364621766 98.503881769007421 282.58236639904499
leaf_count=40186 14659 116096 4904 11129 85288 301933 3163 151335 102922 95076 538 5576 3617 10980
internal_value=-1.37811e-10 0.00476426 0.0163064 -0.00180121 -0.00439917 -0.0104837 -0.00163584 0.002721 -0.00632799 0.00191637 0.0132248 0.00863696 0.00968461 0.00538005
internal_weight=8129.75 2229.91 792.681 5899.84 3472.77 1083.73 2389.04 1239 1150.04 2427.07 290.17 256.599 526.869 428.365
internal_count=947402 150256 34160 797146 684827 387221 297606 191521 106085 112319 17243 16705 29256 25639
is_linear=0
shrinkage=0.055


Tree=37
num_leaves=15
num_cat=0
split_feature=6 1 2 2 2 7 2 2 2 2 0 0 5 7
split_gain=19.5249 28.6162 15.24 64.0099 25.3836 20.3867 18.2606 21.9279 16.7708 25.7309 15.2259 14.0176 12.4611 11.4949
threshold=0.30157618224620825 0.74819892644882213 0.15366832911968234 0.1569652855396271 0.13290131837129596 0.10156623646616937 0.17348794639110568 0.38271184265613561 0.13938153535127643 0.14222373813390735 0.46657235920429235 0.47557859122753149 3.9219243526458745 0.35500612854957586
decision_type=2 2 2 2 2 2 2 2 2 2 2 2 2 2
left_child=1 13 4 10 5 12 -5 -8 -6 -10 -4 -7 -2 -1
right_child=2 -3 3 6 8 11 7 -9 9 -11 -12 -13 -14 -15
leaf_value=-0.017597683541812247 0.010241164671918407 0.019362660816917832 0.05667220829945338 -0.014388630825645825 -0.043527960535459619 -0.0026822986306993478 0.0067979655529453505 -0.0034260371447978606 0.025922952766188567 -0.023582714407072516 -0.0021985396277113241 0.0061998687544664094 0.04596077308987899 -0.0038514692627845308
leaf_weight=421.42544435427408 133.72979921038495 101.72846494300757 82.336385204682301 183.58046868671954 61.862789193670324 3056.8495891801431 1940.3791916870323 941.96436907537282 43.174628987908363 112.49277946530492 15.723934281850232 651.121769097168 37.268677222207771 327.30169144512911
leaf_count=212991 6597 10869 4468 22882 12970 303821 178943 63629 4324 20139 276 17746 1868 85879
internal_value=1.69558e-10 -0.00787951 0.000923924 0.00379055 -0.00129054 -0.000262978 0.0023838 0.00345668 -0.0195287 -0.00977441 0.0473054 -0.00112133 0.0182481 -0.0116018
internal_weight=8110.94 850.456 7260.48 3163.98 4096.5 3878.97 3065.92 2882.34 217.53 155.667 98.0603 3707.97 170.998 748.727
internal_count=947402 309739 637663 270198 367465 330032 265454 242572 37433 24463 4744 321567 8465 298870
is_linear=0
shrinkage=0.055


Tree=38
num_leaves=15
num_cat=0
split_feature=6 1 1 7 2 2 2 6 1 7 0 1 0 2
split_gain=20.3134 19.3863 15.1077 13.9048 11.5668 74.5991 44.2323 10.5831 12.675 9.18333 8.53672 9.17246 8.67467 11.4429
threshold=0.30157618224620825 0.74819892644882213 0.87218329310417186 0.145615428686142 0.29445202648639685 0.2975973933935166 0.27315446734428411 1.0893747806549074 0.31317575275897985 0.078949175775051131 0.14586921036243441 0.89313167333602916 0.46657235920429235 0.12596634775400165
decision_type=2 2 2 2 2 2 2 2 2 2 2 2 2 2
left_child=1 -1 3 7 6 -6 -5 9 -9 -2 11 -4 13 -12
right_child=2 -3 10 4 5 -7 -8 8 -10 -11 12 -13 -14 -15
leaf_value=-0.011371610716495282 0.014896211589578993 0.012446939405899585 0.0090862499145057569 -0.0012792689908104531 0.02870775236626455 -0.0028431187240128735 -0.048763792647479612 -0.017193264972362378 0.035101487008628904 -0.008192947988512337 -0.00029460045970544592 -0.058887592119458092 0.0041965677097197968 0.021970378011748736
leaf_weight=733.24371521798093 113.08884079471318 119.4592637772439 11.545257967547515 4606.5848278335179 287.17221855430398 1061.8920451344602 59.117636676819529 16.270746996800881 81.139843372191535 95.038396631760406 99.100638045754749 11.014050241967196 561.5414702129201 235.16037721378962
leaf_count=298870 14413 10869 531 472067 2428 87502 12518 2687 2478 18264 3489 843 15114 5329
internal_value=1.03915e-10 -0.00802408 0.000946202 -1.20405e-05 -0.000594281 0.00388933 -0.00189125 0.0114144 0.0262806 0.00436411 0.00753381 -0.0251913 0.00838511 0.0153881
internal_weight=8091.37 852.703 7238.67 6320.3 6014.77 1349.06 4665.7 305.538 97.4106 208.127 918.362 22.5593 895.802 334.261
internal_count=947402 309739 637663 612357 574515 89930 484585 37842 5165 32677 25306 1374 23932 8818
is_linear=0
shrinkage=0.055


Tree=39
num_leaves=15
num_cat=0
split_feature=6 3 2 2 2 2 2 2 2 7 1 0 2 2
split_gain=22.0729 13.8897 13.04 47.3144 22.9093 44.0029 23.6156 19.5644 49.7067 15.2475 13.1592 11.8834 10.6009 15.1597
threshold=0.30157618224620825 0.36571153998374945 0.26629528403282171 0.2975973933935166 0.183189332485199 0.18019554018974307 0.18148400634527209 0.29445202648639685 0.26765954494476324 0.10156623646616937 0.68041831254959118 0.35049200057983404 0.340078815817833 0.38271184265613561
decision_type=2 2 2 2 2 2 2 2 2 2 2 2 2 2
left_child=1 -1 4 7 5 9 -7 8 -4 -2 -6 -12 -5 -14
right_child=2 -3 3 12 10 6 -8 -9 -10 -11 11 -13 13 -15
leaf_value=-0.01034369019587611 0.015220636049908268 0.016691846681154966 0.020177103011046055 -0.014987614614142504 -0.024362995788226295 0.041564272697011691 -0.0012870635478268622 0.026400719698614478 -0.027162492268617909 -0.00097897535275490947 0.0052673343871444843 -0.01468219086596992 0.010817675537217538 -0.0030658121136717979
leaf_weight=788.26463680336747 182.2558271980306 61.11161640228238 249.22645229840418 147.53838238904427 161.86112855183455 118.59011077416653 57.575476868049009 324.27621869690483 90.724004708550638 4294.5560222070271 166.49911156209419 195.39507934486028 321.22990805837617 908.25426487727964
leaf_count=305688 13021 4051 3131 18669 70484 2723 2616 2901 19532 397305 14127 10971 18554 63629
internal_value=-2.08283e-10 -0.00838117 0.000987279 0.00470895 -0.000480849 0.0007476 0.0276311 0.0167536 0.00750077 -0.00031622 -0.0113749 -0.00551465 -0.00110888 0.000567399
internal_weight=8067.36 849.376 7217.98 2041.25 5176.73 4652.98 176.166 664.227 339.95 4476.81 523.755 361.894 1377.02 1229.48
internal_count=947402 309739 637663 126416 511247 415665 5339 25564 22663 410326 95582 25098 100852 82183
is_linear=0
shrinkage=0.055


Tree=40
num_leaves=15
num_cat=0
split_feature=2 2 3 2 7 0 2 3 5 5 7 7 5 2
split_gain=22.8173 50.483 17.6948 18.9754 17.3864 15.9497 19.2298 15.8998 14.645 14.1902 20.0059 11.8865 11.5518 18.1298
threshold=0.26629528403282171 0.2975973933935166 0.29863144457340246 0.081741698086261763 0.68272420763969432 0.16194657236337665 0.29445202648639685 0.25940634310245519 4.3107767105102548 3.4811217784881596 0.097076144069433226 0.043249294161796577 4.2972624301910409 0.14116265624761584
decision_type=2 2 2 2 2 2 2 2 2 2 2 2 2 2
left_child=2 4 3 9 5 7 -7 -2 -5 11 -11 -1 -4 -14
right_child=1 -3 12 8 -6 6 -8 -9 -10 10 -12 -13 13 -15
leaf_value=0.0088999453150567648 0.0049599262367452284 -0.0013200918807906527 0.0016340655140467599 -0.021031563385308354 0.028359165620771794 -0.021491246453004542 0.01374869887948703 0.029542870797548249 0.002182436785731939 0.032398862288044325 -0.0016367903478213251 -0.017341615882086568 -0.01307481843157921 0.0064888441936606679
leaf_weight=63.053472282190342 151.39687540070736 1402.7755701909336 3322.5993527404498 359.67974506143946 244.67821418499807 84.808808454996324 102.16815518506337 167.93062697544519 106.24865113077249 53.954615670692874 1057.1464265898685 288.41517471859697 421.39691128069535 216.10326843391522
leaf_count=2980 12330 116096 208762 251747 4655 11635 1049 4491 57278 2208 163914 59642 32958 17657
internal_value=-2.81607e-10 0.00484276 -0.00177176 -0.00609068 0.0163409 0.0104885 -0.00226469 0.0179397 -0.0157446 -0.00300659 4.3614e-05 -0.012622 0.000332475 -0.00644325
internal_weight=8042.36 2153.76 5888.6 1928.5 750.983 506.304 186.977 319.328 465.928 1462.57 1111.1 351.469 3960.1 637.5
internal_count=947402 150256 797146 537769 34160 29505 12684 16821 309025 228744 166122 62622 259377 50615
is_linear=0
shrinkage=0.055


Tree=41
num_leaves=15
num_cat=0
split_feature=1 5 0 5 2 3 2 2 7 1 3 2 5 7
split_gain=18.6533 22.7116 24.2021 19.2092 13.765 13.7183 18.1421 13.6729 12.6824 11.8907 14.1615 11.4056 11.1875 11.2047
threshold=0.69076895713806163 3.8176519870758061 0.4853761643171311 4.2555875778198251 0.0092845228500664252 0.64514949917793285 0.18019554018974307 0.0029937850777059798 0.91145822405815136 0.94092974066734325 0.84424257278442394 0.18148400634527209 3.3497501611709599 0.6053338646888734
decision_type=2 2 2 2 2 2 2 2 2 2 2 2 2 2
left_child=1 2 -1 8 -4 6 -5 -3 12 -7 -11 -8 -2 -14
right_child=3 7 4 5 -6 9 11 -9 -10 10 -12 -13 13 -15
leaf_value=-0.010025063693328905 0.0086896428675935274 0.026425255925319233 0.027597090590965642 -0.0094192384409191501 -0.0046405247058026811 -0.026399086026923833 0.048425098382654741 0.00014188799738028851 0.015780281696193429 -0.027422549947176345 0.039551523518398128 0.0054250415596662459 -0.007147976877653236 0.0030767966717986069
leaf_weight=1447.1883379137798 861.0171562852338 60.703685415501241 84.433644028496929 393.17173174809432 74.981709452578798 132.47945819079177 18.870732977287844 2017.4826668170972 268.4301251861616 16.788688369560987 19.700829460402019 314.74583535041893 389.5219692911196 1908.6745005612902
leaf_count=330961 42096 935 1641 30323 5959 4390 151 403384 5532 649 241 12952 33691 74497
internal_value=3.5892e-10 -0.00287486 -0.00778367 0.00245031 0.0124996 -0.00471746 -0.00142572 0.000921964 0.00432432 -0.0187846 0.00882748 0.00799475 0.00334625 0.00134144
internal_weight=8008.19 3684.79 1606.6 4323.4 159.415 895.757 726.788 2078.19 3427.64 168.969 36.4895 333.617 3159.21 2298.2
internal_count=947402 742880 338561 204522 7600 48706 43426 404319 155816 5280 890 13103 150284 108188
is_linear=0
shrinkage=0.055


Tree=42
num_leaves=15
num_cat=0
split_feature=3 2 2 2 3 6 2 5 1 3 5 7 5 2
split_gain=23.8547 13.6406 16.5236 15.3708 14.4521 15.3352 13.3289 12.0314 9.47715 12.5074 16.3607 15.8766 15.5731 20.1101
threshold=0.29863144457340246 0.25522965192794805 0.0029937850777059798 0.2975973933935166 0.26901827752590185 1.0893747806549074 0.18436410278081897 3.0677825212478642 0.69959354400634777 0.32958623766899114 4.5163240432739267 0.71616122126579296 3.8176519870758061 0.072305593639612212
decision_type=2 2 2 2 2 2 2 2 2 2 2 2 2 2
left_child=1 2 4 -3 5 -1 7 -4 -2 10 11 -10 -11 -14
right_child=8 3 6 -5 -6 -7 -8 -9 9 12 -12 -13 13 -15
leaf_value=0.0034431519614395597 -0.0014994753908124843 0.011136275088395776 -0.021397935387421657 -0.024466817034172354 -0.052124457046443369 0.041459432002359888 -0.029783667433184023 -0.0055680893808502966 0.0083353857140165653 0.0063928168972375221 -0.057349481565041029 0.03994737104798176 -0.011133531982624035 0.0021694464784212659
leaf_weight=121.50664028176107 1766.2398898277315 255.87719482141256 160.1460906097127 41.831325434934115 9.8312660442898032 42.724647182505578 81.518491211641958 1491.5183261936181 146.19305302557768 1747.1980676410312 7.9244722005678332 71.139238108182326 436.46384740943904 1603.695741285861
leaf_count=2426 201364 23480 59819 23785 378 464 78778 388659 12239 66449 1422 3283 20121 64735
internal_value=2.27858e-10 -0.00486575 -0.0065748 0.00606849 0.00953964 0.0135241 -0.00819774 -0.00711498 0.00185708 0.00333454 0.0158973 0.0188185 0.00258336 -0.000680601
internal_weight=7983.81 2204.95 1907.25 297.709 174.063 164.231 1733.18 1651.66 5778.85 4012.61 225.257 217.332 3787.36 2040.16
internal_count=947402 577789 530524 47265 3268 2890 527256 448478 369613 168249 16944 15522 151305 84856
is_linear=0
shrinkage=0.055


Tree=43
num_leaves=15
num_cat=0
split_feature=1 2 5 0 2 5 5 2 1 3 6 1 1 6
split_gain=22.7066 15.4117 15.4533 17.0178 18.0303 14.0842 19.495 12.9828 16.9533 12.7357 12.2185 14.3163 11.3074 10.707
threshold=0.69076895713806163 0.0045854174531996259 3.8176519870758061 0.42483320832252508 0.0092845228500664252 4.5053346157073983 4.4367339611053476 0.26629528403282171 0.34360256791114813 0.3051858395338059 0.69021239876747142 0.70183962583541881 0.52858591079711925 5.5653710365295419
decision_type=2 2 2 2 2 2 2 2 2 2 2 2 2 2
left_child=1 5 3 12 -5 6 -1 13 -9 10 11 -2 -3 -4
right_child=9 2 7 4 -6 -7 -8 8 -10 -11 -12 -13 -14 -15
leaf_value=0.0054487445565237387 0.021780892291968421 -0.019305249899961879 -0.003244669204156878 0.031963455448057967 -0.0060843953588237045 0.042210549801919885 -0.092658128593865768 -0.049338093697817081 0.0088758995488441659 0.003348721435462429 -0.045880433678202708 -0.01435165276900402 -0.0076308708674761696 -0.040504447279692143
leaf_weight=376.95131438557291 42.948635094246129 375.80401770723256 1449.750436926799 57.489313766709529 105.18234927579761 30.387499622767791 5.2295914718415579 14.696515350893604 431.52298348839395 4130.9540755199559 25.115232738608029 134.65357079377281 759.29330503186793 22.722123055718839
leaf_count=11197 5752 179181 350391 1641 10457 378 209 4892 43944 174700 2660 21410 139454 1136
internal_value=1.38383e-10 -0.00320906 -0.00449298 -0.00912597 0.00747512 0.00678732 0.00386798 -0.00135619 0.00685255 0.00268739 -0.0107393 -0.00554087 -0.0115096 -0.00384673
internal_weight=7962.7 3629.03 3216.46 1297.77 162.672 412.568 382.181 1918.69 446.219 4333.67 202.717 177.602 1135.1 1472.47
internal_count=947402 742880 731096 330733 12098 11784 11406 400363 48836 204522 29822 27162 318635 351527
is_linear=0
shrinkage=0.055


Tree=44
num_leaves=15
num_cat=0
split_feature=6 3 2 1 5 5 7 2 2 2 3 7 5 3
split_gain=16.9208 11.8802 10.0165 14.2588 9.84322 9.60139 13.7829 9.2735 34.3654 9.58348 9.05436 8.28602 7.2809 7.19937
threshold=0.30157618224620825 0.32791996002197271 0.0045854174531996259 0.69076895713806163 4.388237953186036 3.8176519870758061 0.85454279184341442 0.29445202648639685 0.2975973933935166 0.26765954494476324 0.27404679358005529 0.092542756348848357 4.1026091575622567 0.15152531117200854
decision_type=2 2 2 2 2 2 2 2 2 2 2 2 2 2
left_child=1 13 4 7 11 6 -5 9 -9 -4 -7 12 -2 -1
right_child=2 -3 3 5 -6 10 -8 8 -10 -11 -12 -13 -14 -15
leaf_value=-0.028352905116775483 0.011567836166823732 0.0089830297885524889 -0.0038724571620975066 0.0042574072107461839 0.034024020797585215 0.043740497317788993 0.02558982273166531 0.023591722704316326 -0.0073142847295538096 -0.033572390587107578 -0.0002011122409604586 -0.0011701446025606257 0.049199894633237387 -0.008434717381955727
leaf_weight=59.306020145253569 117.87614294153173 113.25002792978194 2105.3183629423402 1700.5860986894113 43.372661905246787 13.271912099444306 95.904385188710876 172.75561282405397 290.4112929430994 32.408233885100344 2330.0235626361682 186.53323601651937 17.151708086254075 644.43219534111631
leaf_count=96180 2179 8905 379149 68405 748 867 1446 1736 56212 14560 105585 6676 100 204654
internal_value=1.14011e-10 -0.00749103 0.000862236 0.000381074 0.00972443 0.00238592 0.00540983 -0.00280968 0.00423927 -0.0043382 6.63155e-05 0.00635154 0.0166745 -0.0101511
internal_weight=7922.6 816.988 7105.61 6740.68 364.934 4139.79 1796.49 2600.89 463.167 2137.73 2343.3 321.561 135.028 703.738
internal_count=947402 309739 637663 627960 9703 176303 69851 451657 57948 393709 106452 8955 2279 300834
is_linear=0
shrinkage=0.055


Tree=45
num_leaves=15
num_cat=0
split_feature=1 2 5 1 1 6 7 6 1 1 2 5 5 2
split_gain=15.5652 18.161 23.6566 12.97 12.0779 11.012 13.2296 13.9581 10.2368 10.1954 16.3321 9.10074 7.39042 9.48481
threshold=0.64328846335411083 0.0098908594809472578 3.8176519870758061 0.34360256791114813 0.36407849192619329 0.31291848421096807 0.2845978736877442 3.7901464700698857 0.3574997633695603 0.47121012210845953 0.29445202648639685 4.5053346157073983 4.2696731090545663 0.028535698540508751
decision_type=2 2 2 2 2 2 2 2 2 2 2 2 2 2
left_child=1 5 9 -4 -5 8 11 -8 -1 10 -3 -7 -2 -14
right_child=12 2 3 4 -6 6 7 -9 -10 -11 -12 -13 13 -15
leaf_value=0.0043089970839607699 0.002840982838387812 -0.03265686867914263 -0.028060121909452489 0.031965920716730691 -0.00090048777453884035 0.0093829658154907999 -0.00017177172242565525 -0.045136345494124652 -0.041981538368906487 -0.0098283079374614935 0.0073693241000922305 0.041174235159815664 -0.021572968419734294 -0.00090386339591708956
leaf_weight=28.763345084909815 4089.268309405481 148.86916995696083 50.746021402585029 33.861409074659605 1134.4781613648447 424.06279426082619 160.63276465481613 23.006087738787755 27.704941459844122 630.67357427171373 38.416726729119546 28.251655727421166 71.038991480134428 993.32899197450024
leaf_count=1133 228108 116072 63524 10591 257552 22319 12767 928 4612 147784 11707 603 9304 60398
internal_value=3.7748e-10 -0.0033575 -0.00597247 -0.00111476 7.85852e-05 0.00433304 0.00640777 -0.00601884 -0.0187378 -0.0132022 -0.024451 0.0114551 0.00177851 -0.00230233
internal_weight=7883.1 2729.47 2037.05 1219.09 1168.34 692.422 635.953 183.639 56.4683 817.959 187.286 452.314 5153.64 1064.37
internal_count=947402 649592 607230 331667 268143 42362 36617 13695 5745 275563 127779 22922 297810 69702
is_linear=0
shrinkage=0.055


Tree=46
num_leaves=15
num_cat=0
split_feature=3 2 2 2 1 5 5 1 0 3 5 2 2 2
split_gain=14.7885 12.0453 17.6225 15.3058 11.1734 11.8195 10.4758 8.9229 8.79882 10.2487 8.15854 8.00543 15.2025 27.9553
threshold=0.29738639295101171 0.25522965192794805 0.081741698086261763 0.2975973933935166 0.37691044807434088 3.0677825212478642 4.5271940231323251 0.31705570220947271 0.17670261114835742 0.26034422218799597 3.8176519870758061 0.39339850842952734 0.29445202648639685 0.2975973933935166
decision_type=2 2 2 2 2 2 2 2 2 2 2 2 2 2
left_child=1 2 4 8 10 -6 7 -4 9 -3 -1 12 -2 -14
right_child=11 3 6 -5 5 -7 -8 -9 -10 -11 -12 -13 13 -15
leaf_value=-0.00095061786904107333 0.00091928533739850436 0.0043764259182810742 -0.043276340621909819 -0.024443068476257514 -0.021301446060778443 -0.0028879705314399907 0.011754895757688698 -0.015191698564069548 -0.062918496769934232 0.027934661637597089 0.019814956571378422 -0.0035916428521991575 0.024044684836773311 0.0021513341416258642
leaf_weight=125.77996384218568 4146.0459121080348 148.77963313925284 37.333253462500579 40.172114833861997 116.59084380965214 1026.8082016506814 38.814487963245483 357.31199142146215 3.7004791623039628 88.891902700110222 103.88797902950319 821.63964214228326 258.39551300203311 552.2957520619384
leaf_count=10981 278604 18263 79257 23570 30101 177412 17564 203601 1150 3890 8360 57965 2123 34561
internal_value=-1.71531e-10 -0.00396593 -0.00561518 0.0065989 -0.00255832 -0.00478254 -0.0152702 -0.0179512 0.0118448 0.0132676 0.00848766 0.00143356 0.00226711 0.00915053
internal_weight=7866.45 2088.07 1806.53 281.544 1373.07 1143.4 433.46 394.645 241.372 237.672 229.668 5778.38 4956.74 810.691
internal_count=947402 574149 527276 46873 226854 207513 300422 282858 23303 22153 19341 373253 315288 36684
is_linear=0
shrinkage=0.055


Tree=47
num_leaves=15
num_cat=0
split_feature=6 1 0 3 2 2 2 7 5 7 2 5 5 5
split_gain=12.341 11.397 8.71679 12.7306 9.74053 33.1689 28.648 6.25514 6.91325 7.29197 5.96623 5.957 5.54766 7.17734
threshold=0.30157618224620825 0.74819892644882213 0.83152893185615551 0.78765416145324718 0.26629528403282171 0.2975973933935166 0.183189332485199 0.30172000825405126 3.9981586933135991 0.23964614421129229 0.019289070740342144 3.7726949453353886 2.9700856208801274 4.0517470836639413
decision_type=2 2 2 2 2 2 2 2 2 2 2 2 2 2
left_child=1 7 3 4 6 -6 -2 8 11 -10 -9 -1 -3 -14
right_child=2 12 -4 -5 5 -7 -8 10 9 -11 -12 -13 13 -15
leaf_value=-0.016181891928689334 0.00078088534288190596 0.018321054748474657 0.0099831516650752631 -0.022266858870881836 0.013978058129900904 -0.0016680208757892804 -0.012769246452757385 -0.034464823214405187 0.015010373417901839 -0.050731116082293422 -0.0026383014393184796 -0.05274318830687575 -0.017682752869681247 0.023382541692599113
leaf_weight=259.54286101680191 4389.934758197458 72.886229719792027 294.28478019917384 73.59340990439523 647.51394189448911 1113.3188161735743 527.83943781056951 17.837994278903352 35.728326859079971 4.9384279916484948 334.35224167454726 13.49024609297703 38.812450169585645 18.053618914505932
leaf_count=129048 413499 4234 6294 2435 25458 94623 95354 6857 38054 4557 97291 23063 4655 1980
internal_value=5.07843e-10 -0.00648861 0.000733468 0.000328916 0.000581201 0.00409021 -0.000675791 -0.00939331 -0.0150311 0.00600102 -0.00434329 -0.0181742 0.00837616 -0.00446672
internal_weight=7842.13 795.642 7046.49 6752.2 6678.61 1760.83 4917.77 665.89 313.7 40.6668 352.19 273.033 129.752 56.8661
internal_count=947402 309739 637663 631369 628934 120081 508853 298870 194722 42611 104148 152111 10869 6635
is_linear=0
shrinkage=0.055


Tree=48
num_leaves=15
num_cat=0
split_feature=1 0 5 2 5 2 2 0 2 7 1 6 5 6
split_gain=12.859 14.3007 20.4168 12.485 11.5878 11.2767 10.707 9.15739 8.24126 7.76861 14.1554 7.2447 6.39042 10.6013
threshold=0.6380591392517091 0.47557859122753149 3.8176519870758061 0.0029937850777059798 4.0859410762786874 0.034750644117593772 0.0039790812879800805 0.19100240617990497 0.25079581141471868 0.38428728282451635 0.57548299431800853 1.0893747806549074 4.2696731090545663 6.8243651390075692
decision_type=2 2 2 2 2 2 2 2 2 2 2 2 2 2
left_child=1 2 6 7 5 -3 11 -4 -5 -6 -11 -1 13 -2
right_child=12 4 3 8 9 -7 -8 -9 -10 10 -12 -13 -14 -15
leaf_value=-0.0032545834664966778 0.0019849993837785149 0.022694210024976652 0.032716139244822716 -0.0033735685413352626 -0.087852048429138754 -0.026384469789975475 -0.012853378702546927 -0.028983471573201736 0.0067510196399739927 0.040633276785797208 -0.059461323757538626 0.025126408200536736 -0.0021873260068067681 0.015969668642714551
leaf_weight=152.97262842854252 3961.7243597835477 133.17952837201301 51.914275571296457 1065.7966742419449 3.8377299577696276 14.992569748486856 827.96454900612298 7.6452366587473071 314.03362322066459 8.0271452084416506 7.1345654142205595 32.052904889744241 1079.0232362701936 170.09018203581218
leaf_count=4709 233400 3825 652 292561 401 2956 283728 275 46899 672 1051 535 72402 3336
internal_value=2.50181e-10 -0.00314281 -0.00420528 5.87918e-06 0.0123757 0.0175847 -0.0101831 0.0244484 -0.00106611 -0.0270955 -0.0072325 0.00177064 0.00158023 0.00256442
internal_weight=7830.39 2619.55 2452.38 1439.39 167.172 148.172 1012.99 59.5595 1379.83 18.9994 15.1617 185.026 5210.84 4131.81
internal_count=947402 638264 629359 340387 8905 6781 288972 927 339460 2124 1723 5244 309138 236736
is_linear=0
shrinkage=0.055


Tree=49
num_leaves=15
num_cat=0
split_feature=3 1 1 7 5 0 6 5 0 5 5 7 1 3
split_gain=11.835 8.94844 10.0268 15.15 11.7994 11.3147 10.5711 9.56756 6.09884 6.98519 12.81 11.211 6.20948 5.80521
threshold=0.13123639672994616 0.80075365304946911 0.77156570553779613 0.6688116490840913 3.5114340782165532 0.49547441303730017 0.56189566850662243 4.0859410762786874 0.043663255870342262 3.7256208658218388 3.6762205362319951 0.76575070619583141 0.88239821791648876 0.40042676031589514
decision_type=2 2 2 2 2 2 2 2 2 2 2 2 2 2
left_child=-1 2 3 5 13 -2 -6 -5 12 10 -10 -11 -3 -4
right_child=1 8 4 7 6 -7 -8 -9 9 11 -12 -13 -14 -15
leaf_value=-0.028759529918334872 -0.0025421693831807362 0.034305054644476758 -0.017603087115421096 0.013913312895790649 0.013372737874816963 0.007495001080417874 -0.016479773728296808 0.002231515251618351 0.0046512290518882634 -0.013815443641407197 0.028572839683496616 0.0022524267935376719 -0.049880485638992243 0.010086698014605001
leaf_weight=42.045673336127948 3843.4014625175951 28.49623055418488 27.230003357690293 309.63869623775827 39.376103380869608 371.70596524255234 338.24216537468601 670.04048666541348 727.18213238869794 148.83677846367937 73.760059788124636 1064.0761230432545 2.035436932987067 121.27840077411383
leaf_count=74773 707476 2170 2641 10848 2460 18745 16722 41950 23261 7326 1575 32679 342 4434
internal_value=-2.15691e-10 0.000159403 -0.000956757 -0.000223304 -0.00818446 -0.00165548 -0.0133398 0.0059341 0.00328175 0.00290442 0.00688709 0.000270979 0.0272888 0.00492581
internal_weight=7807.35 7765.3 5720.91 5194.79 526.127 4215.11 377.618 979.679 2044.39 2013.86 800.942 1212.91 30.5317 148.508
internal_count=947402 872629 805276 779019 26257 726221 19182 52798 67353 64841 24836 40005 2512 7075
is_linear=0
shrinkage=0.055


Tree=50
num_leaves=15
num_cat=0
split_feature=6 1 2 7 5 0 3 0 7 2 7 5 5 6
split_gain=10.973 9.55634 8.33338 12.4434 13.7304 13.5698 11.4198 12.402 16.5182 10.7334 10.2725 8.12491 7.61006 6.42392
threshold=0.30157618224620825 0.74819892644882213 0.0067833862267434606 0.53852829337120067 4.6001451015472421 0.68364581465721141 0.44344641268253332 0.345555990934372 0.17725883424282077 0.023002879694104198 0.44029626250267034 4.2413008213043222 3.113268375396729 0.33012090623378759
decision_type=2 2 2 2 2 2 2 2 2 2 2 2 2 2
left_child=1 -1 6 4 5 -4 7 10 -9 -6 -2 -3 -5 -14
right_child=2 11 3 12 9 -7 -8 8 -10 -11 -12 -13 13 -15
leaf_value=-0.008901934703692117 0.0088884392130705661 0.010133692847403054 -0.0050757714346969596 0.016530756365913182 -0.033344814151443664 0.014142964740388647 0.0250903783496901 -0.0013859522104289423 -0.067026977307379651 0.034853476523060596 -0.03657919098728768 -0.048982443501144154 0.026371867478305996 0.0012943759222370963
leaf_weight=654.00220152362454 378.36015038448386 130.77948871010449 1963.3465262100435 103.14493803074583 7.4434568956494322 116.84800109977368 89.505068303958979 39.915790533646941 15.371094940055626 43.935696694301441 14.677877238660583 6.4449876098660743 30.133112560288282 4187.4436606164381
leaf_count=298870 18056 9776 365352 2233 1467 4085 1610 1107 1231 9029 1597 1093 2404 229492
internal_value=1.81895e-10 -0.00613467 0.000695174 0.000146409 -0.00329144 -0.00398995 0.00726617 0.00365976 -0.0205023 0.0245254 0.00710194 0.00702292 0.0018428 0.00147975
internal_weight=7781.35 791.227 6990.13 6452.3 2131.57 2080.19 537.83 448.325 55.2869 51.3792 393.038 137.224 4320.72 4217.58
internal_count=947402 309739 637663 614062 379933 369437 23601 21991 2338 10496 19653 10869 234129 231896
is_linear=0
shrinkage=0.055


Tree=51
num_leaves=15
num_cat=0
split_feature=3 2 1 5 5 2 2 5 0 3 1 6 6 5
split_gain=11.548 11.1069 11.02 10.7879 11.2036 10.3606 13.7173 12.6621 13.3618 10.7423 9.73785 9.34417 9.16655 9.02569
threshold=0.29863144457340246 0.0098908594809472578 0.70639178156852733 4.2413008213043222 4.1971738338470468 0.26629528403282171 0.081741698086261763 4.3372693061828622 0.14719765633344653 0.26034422218799597 0.31705570220947271 3.1094169616699223 1.7112359404563906 4.5271940231323251
decision_type=2 2 2 2 2 2 2 2 2 2 2 2 2 2
left_child=5 -2 3 4 -3 6 -1 8 9 -7 -8 -5 13 -4
right_child=1 2 12 11 -6 7 10 -9 -10 -11 -12 -13 -14 -15
leaf_value=-0.0022920123040109145 0.010992014617253151 -0.0051266384850765651 0.0058311032017267211 -0.0035601805085730938 -0.035491139740989879 -0.0074898366132183647 -0.039554642861351533 0.026154521863061546 -0.058774841120008289 0.019424099187777565 -0.010857941985499161 0.014038688526243232 1.0182024986121889e-05 -0.039433902128286798
leaf_weight=1365.7265556361235 334.3684132368362 1038.4850756843807 1553.0667366411362 193.21670137764886 37.150066018046346 116.52108117040189 38.534668922096898 71.701340962812537 10.297238435581674 71.587052792689065 400.40829439714435 171.42074255199987 2340.4759050256107 12.455374086508526
leaf_count=228744 17689 143829 71808 28235 5813 25544 85367 4481 3802 6193 223658 15373 84989 1877
internal_value=2.87069e-11 0.00128266 0.00067347 -0.0034372 -0.00620735 -0.00351078 -0.00501465 0.00651847 -0.000673347 0.00280117 -0.0134614 0.00472904 0.0021897 0.00544603
internal_weight=7755.42 5680.64 5346.27 1440.27 1075.64 2074.78 1804.67 270.107 198.405 188.108 438.943 364.637 3906 1565.52
internal_count=947402 369613 351924 193250 149642 577789 537769 40020 35539 31737 309025 43608 158674 73685
is_linear=0
shrinkage=0.055


Tree=52
num_leaves=15
num_cat=0
split_feature=3 5 2 2 2 2 1 2 2 2 5 0 6 0
split_gain=10.5629 11.5462 11.7472 18.5165 15.9009 12.0469 11.7514 10.1841 11.2128 12.4482 24.0276 11.9042 8.17255 16.7367
threshold=0.37551079690456396 3.4811217784881596 0.26629528403282171 0.18436410278081897 0.2975973933935166 0.0029937850777059798 0.56569290161132824 0.040169773623347289 0.049984840676188476 0.058170380070805557 4.0163424015045175 0.33581838011741644 0.7401091754436494 0.34055738151073461
decision_type=2 2 2 2 2 2 2 2 2 2 2 2 2 2
left_child=1 -1 3 5 -4 -3 -6 12 -9 10 -10 -11 -2 -14
right_child=7 2 4 -5 6 -7 -8 8 9 11 -12 -13 13 -15
leaf_value=-0.0080774731407928062 0.026178235333736085 0.019067287105517652 0.013977490922175793 -0.023310011262445168 -0.036489689332108124 -0.0016514144818934938 0.0085231423993893073 -0.016679319850622966 0.030874858549731259 0.0051135951894906145 -0.040131226800367875 -0.0018141700051733109 -0.014408133402340845 0.010071347421300945
leaf_weight=787.07697982513491 66.793359925039113 87.323504760017386 302.67150701767241 115.71661843845141 35.897275020004599 2186.1632524649649 32.858922271669144 108.05171167291701 89.663545606686966 1159.9638890977367 16.249579202965833 2120.2564133299602 100.34921435371507 509.00884457305074
leaf_count=197879 3801 1394 16055 77455 20448 420683 4741 5033 2092 65408 1089 99038 9629 22657
internal_value=3.44003e-10 -0.0022057 -0.000529292 -0.00194481 0.00855677 -0.000847586 -0.015164 0.00187647 0.000679921 0.00123862 0.0197074 0.000636464 0.0080498 0.00602306
internal_weight=7718.04 3547.71 2760.63 2389.2 371.428 2273.49 68.7562 4170.34 3494.19 3386.13 105.913 3280.22 676.151 609.358
internal_count=947402 738655 540776 499532 41244 422077 25189 208747 172660 167627 3181 164446 36087 32286
is_linear=0
shrinkage=0.055


Tree=53
num_leaves=15
num_cat=0
split_feature=6 1 2 0 2 2 2 6 5 2 5 1 7 6
split_gain=10.6469 8.71694 6.9954 6.90381 10.886 24.2144 19.1316 13.3963 8.1315 8.04922 7.43538 7.05332 6.09246 5.17856
threshold=0.30157618224620825 0.60954910516738903 0.012088828254491093 0.71065726876258861 0.42795968055725103 0.42587539553642279 0.40408518910408026 3.5014629364013676 4.610145330429078 0.65586629509925853 3.4811217784881596 0.77917307615280162 0.50867721438407909 0.2360675856471062
decision_type=2 2 2 2 2 2 2 2 2 2 2 2 2 2
left_child=1 -1 -3 4 5 6 -2 10 -5 -9 -6 -10 -4 -14
right_child=3 2 12 8 7 -7 -8 9 11 -11 -12 -13 13 -15
leaf_value=-0.011794147381604522 0.00076190664362427326 -0.053493002799816253 0.0058381490705044165 0.0071586421549171102 -0.0077067222932376556 0.05331462288044312 -0.03966982413551759 -0.0082291190376811499 0.016616150566560517 0.012258456039430926 -0.032202750784686228 -0.089878613470546112 -0.017563631337044694 0.0049545948791996138
leaf_weight=396.49693843025671 5882.8578026406321 6.3049997713242183 250.17451719923702 573.4543602882477 68.277731307462091 25.395765797700733 34.616766869352432 156.45031596178887 2.6201252168975762 90.852138469577767 84.349134688236518 3.8878150682430714 78.599377426187857 49.899134426901583
leaf_count=236129 574144 2454 43995 15520 9102 1732 8677 8866 66 2573 16692 291 21674 5487
internal_value=4.19219e-10 -0.00608119 -0.000181983 0.000687254 0.000161611 0.000753267 0.000518721 -0.00861023 0.00642581 -0.000683489 -0.0213659 -0.0505009 0.000844213 -0.00884852
internal_weight=7704.24 781.475 384.978 6922.76 6342.8 5942.87 5917.47 399.929 579.962 247.302 152.627 6.50794 378.673 128.499
internal_count=947402 309739 73610 637663 621786 584553 582821 37233 15877 11439 25794 357 71156 27161
is_linear=0
shrinkage=0.055


Tree=54
num_leaves=15
num_cat=0
split_feature=2 2 2 2 0 2 2 2 2 1 0 0 6 2
split_gain=12.1854 20.5056 30.2926 28.685 21.5998 22.3132 19.3084 57.0945 38.0779 17.3718 76.6573 18.2347 13.4474 13.3652
threshold=0.26629528403282171 0.18436410278081897 0.18019554018974307 0.18148400634527209 0.49547441303730017 0.081741698086261763 0.26765954494476324 0.29445202648639685 0.2975973933935166 0.79160764813423168 0.25144422054290777 0.49547441303730017 1.5872027277946474 0.20721540600061419
decision_type=2 2 2 2 2 2 2 2 2 2 2 2 2 2
left_child=1 2 4 -4 5 -1 9 -8 12 10 -2 -12 -9 -3
right_child=6 13 3 -5 -6 -7 7 8 -10 -11 11 -13 -14 -15
leaf_value=-6.4823855495660192e-05 0.019393530218860089 -0.029759303669635952 0.038173929933661054 -0.0037389465035057527 0.0079093397492349393 -0.0089008037049156073 -0.036105629994043507 0.0096979890549833362 -0.00026105906611627138 0.036972919855082428 -0.12076712852393005 -0.0035943497014682114 0.030877540121182798 -0.0074108252527282682
leaf_weight=2951.0863523389562 177.95851405456779 100.72906506053914 116.34786290836928 85.016728682076064 680.22949407598935 1221.7309540027782 113.76214521849033 193.98884079180425 1370.9153987898317 88.119836560334079 14.867368181643544 5.4637447306886306 171.56354079348966 402.17364807145714
leaf_count=342699 3074 44604 4667 9333 18425 282779 25565 3019 116096 627 667 91 1117 94639
internal_value=-1.92924e-10 -0.00135721 -0.000302361 0.0205472 -0.00117151 -0.00265336 0.00352903 0.00146801 0.00394896 0.016792 0.00768303 -0.090923 0.0196952 -0.0119373
internal_weight=7693.95 5557.31 5054.41 201.365 4853.05 4172.82 2136.64 1850.23 1736.47 286.409 198.29 20.3311 365.552 502.903
internal_count=947402 797146 657903 14000 643903 625478 150256 145797 120232 4459 3832 758 4136 139243
is_linear=0
shrinkage=0.055


Tree=55
num_leaves=15
num_cat=0
split_feature=3 2 2 2 2 2 0 7 3 2 1 1 6 6
split_gain=16.4584 12.4542 19.018 18.4533 11.336 11.1209 8.75573 10.506 9.76102 7.58085 8.07077 7.47756 7.47074 7.28372
threshold=0.37551079690456396 0.26629528403282171 0.2975973933935166 0.18436410278081897 0.17909655719995501 0.074541456997394576 0.16194657236337665 0.44508546590805059 0.26034422218799597 0.0098908594809472578 0.70855930447578441 0.55549654364585888 1.6698864698410036 3.1094169616699223
decision_type=2 2 2 2 2 2 2 2 2 2 2 2 2 2
left_child=1 3 6 4 5 -1 8 -8 -3 -2 -11 -4 -13 -12
right_child=9 2 11 -5 -6 -7 7 -9 -10 10 13 12 -14 -15
leaf_value=-0.0016012836935278413 0.012614974155328995 0.0039488894080054807 -0.029255316759301875 -0.022740266114697323 0.017700186599357744 -0.0094739449498197174 -0.03244424930271067 0.010768829765384199 0.023433736558808784 -0.0032674906277211637 0.0053406962445268881 -0.01346381447992883 0.031395823355901388 3.0736815421262107e-05
leaf_weight=2081.4089698951575 205.81384926830651 138.90679216356511 54.19599938117608 151.15452213278695 76.275403283641936 733.51792032813319 27.432984292565379 41.539774599630618 177.10636323492508 762.56528321410588 1794.7474302609335 36.864105048007332 14.964931105030699 1383.4975547447393
leaf_count=283049 7791 12411 31079 108448 15909 268209 3890 1982 4561 81622 73077 7920 1197 46257
internal_value=2.15525e-10 -0.00275781 0.00536259 -0.0040697 -0.00308606 -0.00365539 0.0110413 -0.00663663 0.0149084 0.00235005 0.00181088 -0.0151678 -0.000162091 0.00303
internal_weight=7679.99 3533.37 491.011 3042.36 2891.2 2814.93 384.986 68.9728 316.013 4146.62 3940.81 106.025 51.829 3178.24
internal_count=947402 738655 63040 675615 567167 551258 22844 5872 16972 208747 200956 40196 9117 119334
is_linear=0
shrinkage=0.055


Tree=56
num_leaves=15
num_cat=0
split_feature=3 2 6 2 5 1 1 2 7 2 1 5 6 7
split_gain=12.2495 9.11373 14.1631 11.0247 10.612 11.4667 9.12732 8.89759 8.47753 6.72368 9.87368 7.92473 7.47795 7.30678
threshold=0.29863144457340246 0.0029937850777059798 1.0893747806549074 0.25522965192794805 4.3372693061828622 0.5399063527584077 0.32906226813793188 0.18436410278081897 0.043249294161796577 0.0086023951880633848 0.70639178156852733 4.2413008213043222 1.3083557486534121 0.49627001583576208
decision_type=2 2 2 2 2 2 2 2 2 2 2 2 2 2
left_child=1 2 -1 7 5 -5 -6 8 -3 13 11 12 -11 -2
right_child=9 3 -4 4 6 -7 -8 -9 -10 10 -12 -13 -14 -15
leaf_value=-0.0014082831751030592 0.01111931521678091 -0.037013996637070445 0.033405644943570005 -0.01107595261995521 -0.05612353210005628 0.015719711895180621 0.027551137815317799 -0.025297892050509703 -0.0050929598115447023 -0.00057640000054692895 0.0023289072959842205 0.0037662907587182443 -0.0097665280906198831 -0.026698028111639068
leaf_weight=125.84010035014944 295.76657285293913 24.632004047078226 48.116979823767906 129.19742917268741 3.2599473387454045 75.81502408949018 70.004723042540718 72.099195898917969 1489.6075234915006 509.08025375397119 3838.1011676196067 386.12561639974592 564.49509157972352 15.369357445160857
leaf_count=2681 12322 45455 587 36644 1367 5069 4185 78778 403023 79331 159304 44314 72768 1574
internal_value=-2.70842e-10 -0.00365018 0.00835724 -0.00477428 0.0053088 -0.00113853 0.0231224 -0.0065453 -0.0056363 0.00132708 0.000864725 -0.00298412 -0.00541324 0.00917168
internal_weight=7647.51 2038.57 173.957 1864.62 278.277 205.012 73.2647 1586.34 1514.24 5608.94 5297.8 1459.7 1073.58 311.136
internal_count=947402 577789 3268 574521 47265 41713 5552 527256 448478 369613 355717 196413 152099 13896
is_linear=0
shrinkage=0.055


Tree=57
num_leaves=15
num_cat=0
split_feature=2 2 2 2 2 2 2 3 1 2 6 3 2 1
split_gain=9.12234 25.121 16.3167 33.5507 18.0244 15.5656 20.1446 14.2935 16.9618 21.2374 12.9456 10.7536 10.0621 9.86377
threshold=0.26629528403282171 0.2975973933935166 0.183189332485199 0.18019554018974307 0.18148400634527209 0.091518871486186995 0.12596634775400165 0.58404198288917553 0.79160764813423168 0.29445202648639685 1.8736510276794436 0.43506880104541784 0.23810065537691119 0.96905475854873668
decision_type=2 2 2 2 2 2 2 2 2 2 2 2 2 2
left_child=2 7 3 5 10 11 -7 8 9 -2 -5 -1 13 -4
right_child=1 -3 12 4 -6 6 -8 -9 -10 -11 -12 -13 -14 -15
leaf_value=-0.0011288965517566364 -0.0027787987666603991 -0.0012995463075422312 -0.019916844484440692 0.016979411946266877 -0.0032780757873296022 -0.01791426061743618 -0.0020237288579696461 -0.01852464529580114 0.029303233772333341 0.019029143548186064 0.052922266537308915 0.0056181033242885025 -0.0026363717039241219 0.040336010329473489
leaf_weight=2631.5763126991515 258.79411024950969 1390.016453311182 254.56846874698022 63.119302275423252 53.853282301013678 337.01851323070878 844.73707774819195 44.926932651404059 153.1973398233531 281.06796502845827 59.926062098820694 979.85621424386045 251.94419719102734 7.587207392032723
leaf_count=347374 27142 116096 105040 4124 4727 66217 197209 1540 2016 3462 543 33103 38543 266
internal_value=-1.42379e-10 0.00305571 -0.00118603 -0.000220276 0.0232337 -0.00109054 -0.00656678 0.0112496 0.0132036 0.00858924 0.03477 0.000702752 -0.010504 -0.0180264
internal_weight=7612.19 2128 5484.19 4970.09 176.899 4793.19 1181.76 737.986 693.059 539.862 123.045 3611.43 514.1 262.156
internal_count=947402 150256 797146 653297 9394 643903 263426 34160 32620 30604 4667 380477 143849 105306
is_linear=0
shrinkage=0.055


Tree=58
num_leaves=15
num_cat=0
split_feature=3 1 2 2 2 2 6 7 5 2 1 2 2 2
split_gain=8.28328 7.59601 6.50042 9.72872 22.4974 17.2542 7.88926 10.8671 8.08037 5.86806 8.50795 7.26625 20.7116 10.2481
threshold=0.13123639672994616 0.87218329310417186 0.0067833862267434606 0.028535698540508751 0.031036835163831714 0.027777777984738353 1.0893747806549074 0.29040232300758367 4.6959142684936532 0.44971199333667761 0.88239821791648876 0.12808852642774585 0.12880855053663257 0.091518871486186995
decision_type=2 2 2 2 2 2 2 2 2 2 2 2 2 2
left_child=-1 2 6 5 -5 -4 7 -2 -8 11 -11 13 -13 -3
right_child=1 9 3 4 -6 -7 8 -9 -10 10 -12 12 -14 -15
leaf_value=-0.025134435141476966 0.00046384761561179188 0.003782810981267282 -0.0051711960205337018 0.023982323953994751 -0.00068754990976315183 -0.055393820028142839 0.012164347176879925 -0.0518589954700929 -0.048321994694208829 -0.041540799744806588 -0.00020763357456159197 0.069691426717174043 0.0086093331996644883 -0.028606175295020523
leaf_weight=38.456717922279495 241.14821465373097 198.74956733940053 864.56601516973751 113.36236910324078 5031.6930201573923 20.216614647943061 309.11269031520351 11.635944527457466 5.8618653104640535 15.41609105968382 183.08659071056172 16.423289851285517 487.45002454318455 33.683181795640849
leaf_count=74773 13892 5882 126005 11672 677430 3962 11094 2152 263 719 5182 136 12231 2009
internal_value=1.2821e-10 0.000131643 -0.00052603 -0.00105604 -0.000139437 -0.00637999 0.00509491 -0.00213949 0.0108893 0.00476891 -0.00360978 0.00702957 0.0107343 -0.0010133
internal_weight=7570.86 7532.41 6597.6 6029.84 5145.06 884.783 567.759 252.784 314.975 934.809 198.503 736.306 503.873 232.433
internal_count=947402 872629 846470 819069 689102 129967 27401 16044 11357 26159 5901 20258 12367 7891
is_linear=0
shrinkage=0.055


Tree=59
num_leaves=15
num_cat=0
split_feature=7 0 6 5 3 2 5 2 1 2 1 7 5 0
split_gain=10.3398 10.4669 8.68134 13.0132 14.7863 9.64702 8.62673 16.5162 13.3229 9.11634 14.1215 8.20281 8.20236 7.65632
threshold=0.62673112750053417 0.4853761643171311 2.3070212602615361 3.7954261302948002 0.6180022954940797 0.019289070740342144 4.2972624301910409 0.29445202648639685 0.6740422546863557 0.0039790812879800805 0.52858591079711925 0.70394054055213939 3.3842465877532963 0.010156446602195503
decision_type=2 2 2 2 2 2 2 2 2 2 2 2 2 2
left_child=1 6 3 4 -2 -5 9 8 -8 12 -11 -6 -1 -7
right_child=2 -3 -4 5 11 13 7 -9 -10 10 -12 -13 -14 -15
leaf_value=-0.0046151147566884394 0.017530848057205107 0.0052007131419765399 -1.3697740970176844e-05 -0.051430652432183317 -0.052407774984116799 -0.04981221874854428 0.0008044941265722646 0.023227415265701976 -0.048062441368975813 -0.011822548313032536 -0.0027307454459708992 0.003146513585817327 0.014808349379362323 0.0033246739777744528
leaf_weight=121.58929583762074 351.95919114822755 566.16689084842801 1927.6058218456456 9.010102099797221 13.359704766422512 7.2789361183822612 465.96751718400992 102.71007621767785 16.510130214592209 671.91964328683025 2231.4799024525782 18.027831569779664 141.30863537604455 924.30454121381626
leaf_count=3882 9304 25516 75991 1873 724 3015 107467 9268 3358 317681 323913 423 3119 61868
internal_value=7.46165e-11 -0.0017639 0.00234207 0.00576939 0.0142969 0.00228243 -0.0028161 0.00331465 -0.000963658 -0.00394986 -0.00483816 -0.0213875 0.00584162 0.00285652
internal_weight=7569.2 4317.65 3251.55 1323.94 383.347 940.594 3751.49 585.188 482.478 3166.3 2903.4 31.3875 262.898 931.583
internal_count=947402 794204 153198 77207 10451 66756 768688 120093 110825 648595 641594 1147 7001 64883
is_linear=0
shrinkage=0.055


Tree=60
num_leaves=15
num_cat=0
split_feature=7 0 3 5 3 5 5 2 7 5 2 7 7 6
split_gain=9.81909 9.26596 7.73862 7.61746 13.3893 14.887 8.95787 6.672 8.09777 8.248 6.50749 10.7717 8.9316 9.27319
threshold=0.67360585927963268 0.83152893185615551 0.25468955934047705 3.8176519870758061 0.58404198288917553 3.65057384967804 3.7954261302948002 0.46903896331787115 0.37097649276256567 3.8176519870758061 0.0067833862267434606 0.1100943759083748 0.4427104145288468 1.5318918228149416
decision_type=2 2 2 2 2 2 2 2 2 2 2 2 2 2
left_child=1 10 -2 4 6 -6 -4 8 -3 -10 12 -12 13 -1
right_child=2 7 3 -5 5 -7 -8 -9 9 -11 11 -13 -14 -15
leaf_value=-0.00043416177748174968 0.0479355485750999 0.026386385393271771 0.018451765401192238 0.00092627792625845577 -0.013440050906686044 0.01235038317896411 -0.015900699473141711 0.036516665720691892 0.0005672565384651153 -0.064748961248151285 -0.020197636856395244 -0.0021442934127183276 -0.037028473650540995 0.014406653057329214
leaf_weight=359.3134559471946 10.374578798306173 31.82017443922814 288.53980384510942 2105.3485362481733 138.93791492364835 130.16760050167795 24.187626280239783 29.214847915340215 36.935030224878574 5.9448006805032483 101.50922324422936 4077.6440532413399 14.871794355101882 196.24692404957023
leaf_count=19972 1251 513 6015 95797 4264 3439 946 836 787 240 119975 685825 2007 5535
internal_value=1.53678e-10 -0.00147853 0.00265977 0.0024672 0.00803183 -0.000965558 0.0157526 0.01469 0.0057841 -0.00975732 -0.0018353 -0.00258753 0.00367065 0.00482469
internal_weight=7551.06 4853.5 2697.56 2687.18 581.833 269.106 312.727 103.915 74.7 42.8798 4749.59 4179.15 570.432 555.56
internal_count=947402 835690 111712 110461 14664 7703 6961 2376 1540 1027 833314 805800 27514 25507
is_linear=0
shrinkage=0.055


Tree=61
num_leaves=15
num_cat=0
split_feature=1 5 2 2 2 2 7 3 6 5 1 6 5 7
split_gain=10.2471 10.0352 15.6742 10.9981 15.2354 10.6763 10.4305 9.4101 9.07297 9.12314 8.32253 8.25691 7.86428 14.0117
threshold=0.69076895713806163 4.2555875778198251 0.074541456997394576 0.15366832911968234 0.1569652855396271 0.072305593639612212 0.74187827110290538 0.44344641268253332 5.5653710365295419 4.7492611408233651 0.52858591079711925 0.914553463459015 4.2555875778198251 0.68797728419303905
decision_type=2 2 2 2 2 2 2 2 2 2 2 2 2 2
left_child=1 2 5 8 11 7 -6 -1 9 -3 -4 -5 -2 -14
right_child=12 3 10 4 6 -7 -8 -9 -10 -11 -12 -13 13 -15
leaf_value=-0.0027136064386198183 0.0030388886418037044 0.00071363754427941628 -0.01643725885514288 0.10986648700575993 0.01054931305606251 0.038707010595847489 -0.05142577766226137 0.010165856094470703 -0.058349835414215546 -0.030544487783784737 -0.0058367521903110262 -0.0086315824926617643 -0.028105446359158744 -0.00091393357217402259
leaf_weight=1230.8629263167677 3308.268748397677 538.31338633141786 328.19392424221223 6.027296777978334 299.22390447778525 19.866726322739851 7.467525800690054 198.38354386831634 7.447666088002733 28.807128276850563 707.82834813641239 2.1968928862479515 60.840004159894306 786.41692614843487
leaf_count=196206 155816 96728 235794 1239 57734 2654 841 7858 710 5002 137600 514 8563 40143
internal_value=1.62437e-11 -0.00225109 -0.00404503 0.00275995 0.0110035 -0.000350454 0.00887807 -0.000920042 -0.00176954 -0.000925102 -0.00920742 0.0807085 0.00182816 -0.00289734
internal_weight=7530.14 3374.62 2485.14 889.484 314.916 1449.11 306.691 1429.25 574.568 567.121 1036.02 8.22419 4155.53 847.257
internal_count=947402 742880 580112 162768 60328 206718 58575 204064 102440 101730 373394 1753 204522 48706
is_linear=0
shrinkage=0.055


Tree=62
num_leaves=15
num_cat=0
split_feature=3 2 6 0 2 7 2 5 5 5 1 1 2 0
split_gain=8.19223 7.51216 11.4985 9.26216 8.97324 8.67282 7.64247 7.23641 10.3386 7.28699 6.80175 6.84722 8.18594 8.14502
threshold=0.29863144457340246 0.0029937850777059798 1.0893747806549074 0.15593611449003222 0.26629528403282171 0.35223026573657995 0.2975973933935166 4.5695295333862314 4.6395599842071542 4.388237953186036 0.35413536429405218 0.47586473822593695 0.0086023951880633848 0.47557859122753149
decision_type=2 2 2 2 2 2 2 2 2 2 2 2 2 2
left_child=1 2 -1 4 5 -3 -6 9 -9 -5 -2 -12 13 -13
right_child=10 3 -4 7 6 -7 -8 8 -10 -11 11 12 -14 -15
leaf_value=-0.0010703623650463192 0.02754355477938937 -0.01110224805787908 0.030139808256041265 -0.014170761279770051 0.010701533917035001 -0.0015382625895817542 -0.016337409906484579 0.04174756504249711 -0.055365266060250655 -0.049392256110238772 -0.011736754850614302 0.0021160579175246766 0.00082684231060290564 0.024401344287898072
leaf_weight=123.90552344266325 28.25855588442937 408.50156378073007 49.129635968361981 173.93958011078939 218.56802599626826 958.73343115835451 36.02812218190229 12.909614301082913 3.4194277405913445 19.096182565845083 124.67393524569343 110.57579511011136 5158.4440661723784 89.294986372464336
leaf_count=2681 1140 273505 587 41550 14761 218322 21585 726 724 3348 15039 8505 343211 1718
internal_value=-2.0441e-10 -0.0030103 0.00791336 -0.00404627 -0.0026361 -0.00440181 0.00682628 -0.0149056 0.01939 -0.0178917 0.00109508 0.00095377 0.00125118 0.0121442
internal_weight=7515.48 2004.23 173.035 1831.2 1621.83 1367.23 254.596 209.365 16.329 193.036 5511.25 5482.99 5358.31 199.871
internal_count=947402 577789 3268 574521 528173 491827 36346 46348 1450 44898 369613 368473 353434 10223
is_linear=0
shrinkage=0.055


Tree=63
num_leaves=15
num_cat=0
split_feature=0 1 2 2 2 2 5 0 0 2 3 7 3 5
split_gain=7.33078 6.03147 7.21228 45.1119 12.1652 22.6864 9.386 9.27679 6.29884 4.73365 5.09256 4.69191 6.3446 4.53749
threshold=0.035475371405482299 0.87218329310417186 0.058170380070805557 0.054494466632604606 0.067492801696062102 0.070903439074754729 4.0689902305603036 0.42483320832252508 0.21802978217601779 0.018606942147016529 0.11844041571021081 0.45251181721687322 0.27511113882064825 4.6001451015472421
decision_type=2 2 2 2 2 2 2 2 2 2 2 2 2 2
left_child=9 2 3 7 8 -6 -5 -2 -4 11 -11 12 -1 -3
right_child=1 13 4 6 5 -7 -8 -9 -10 10 -12 -13 -14 -15
leaf_value=-0.02393886054873124 -0.0016923379111074962 0.0051242360924840897 -0.020068766893178203 0.040314109010485197 0.020456083992040811 -0.0017157969029844881 0.0077411882653900879 0.0069505772057797443 -0.0026909843281273981 -0.031741652551720297 -0.0039795040611552597 -0.059396580735585743 0.06603492672206944 -0.021142305470775846
leaf_weight=14.154668681265322 1663.9556489615497 915.24855226598447 155.85943825027789 106.12430791827501 144.58131682462408 3397.5192003436678 36.406536353053525 484.12825023103505 106.13883658801205 20.004072099272889 427.93315247561986 8.8961310068261792 1.8281224512902543 19.367580371268559
leaf_count=4733 195056 24840 20085 4999 8570 418556 3150 17410 4601 52811 187691 3777 156 967
internal_value=6.44216e-11 0.000446277 -0.000184881 0.00225275 -0.0016529 -0.000805268 0.0321059 0.000257902 -0.0130658 -0.00662171 -0.00528725 -0.0295154 -0.0103652 0.00455791
internal_weight=7502.15 7029.33 6094.71 2290.61 3804.1 3542.1 142.531 2148.08 261.998 472.816 447.937 24.8789 15.9828 934.616
internal_count=947402 698234 672427 220615 451812 427126 8149 212466 24686 249168 240502 8666 4889 25807
is_linear=0
shrinkage=0.055


Tree=64
num_leaves=15
num_cat=0
split_feature=1 2 5 1 3 6 7 0 5 5 2 0 6 3
split_gain=8.61021 9.82599 12.684 9.9271 8.72919 8.04333 13.725 9.44121 11.0507 7.88806 14.5621 11.5713 9.09461 8.42372
threshold=0.6974310874938966 0.0086023951880633848 3.3497501611709599 0.34360256791114813 0.27202735841274267 1.5318918228149416 0.26402387022972112 0.27945117652416235 4.2835628986358651 4.2555875778198251 0.039601335301995284 0.59905731678009044 4.8236815929412851 0.27404679358005529
decision_type=2 2 2 2 2 2 2 2 2 2 2 2 2 2
left_child=1 5 -3 -4 -2 6 -1 -7 -9 13 11 -11 -12 -6
right_child=4 2 3 -5 9 7 -8 8 -10 10 12 -13 -14 -15
leaf_value=0.0028069639214492307 -0.02936067854526658 -0.011326925295198291 -0.021998031552567229 -0.0010541866981321132 0.050897566153146862 0.022907359892343368 -0.02966242982654875 0.0086625761257250605 -0.032900083270458728 -0.039111228269044902 0.0040457383978442542 0.014348323908445005 -0.0085499205015013464 0.0030020467236468273
leaf_weight=344.29423480528931 26.135389058152214 501.80508813963388 69.61093307966803 2253.1392205091979 10.151425509189719 119.12374150945107 43.451754184410674 116.44564404373523 22.171300685557071 52.761911290872376 463.68558974622283 15.287561911391093 275.64947065617889 3180.4422730651277
leaf_count=20834 8384 154838 93416 468102 725 5253 7329 3673 1052 6221 26839 446 10406 139884
internal_value=-2.61797e-10 -0.00200729 -0.00340635 -0.00169105 0.00173098 0.00411059 -0.000898578 0.0116208 0.00182674 0.00194152 -0.00291239 -0.0270675 -0.000655561 0.00317033
internal_weight=7494.16 3470.04 2824.56 2322.75 4024.11 645.487 387.746 257.741 138.617 3997.98 807.385 68.0495 739.335 3190.59
internal_count=947402 754497 716356 561518 192905 38141 28163 9978 4725 184521 43912 6667 37245 140609
is_linear=0
shrinkage=0.055


Tree=65
num_leaves=15
num_cat=0
split_feature=1 5 2 2 3 2 2 2 3 5 5 2 5 3
split_gain=8.66219 10.0454 10.9073 10.154 12.1816 9.44066 8.49754 14.9583 8.22187 10.3379 7.2304 6.60134 6.33115 11.1921
threshold=0.66272285580635082 4.2835628986358651 0.035356981679797179 0.29445202648639685 0.48126803338527685 0.26765954494476324 0.049984840676188476 0.058170380070805557 0.44344641268253332 4.2413008213043222 2.5249279737472539 0.047028953209519393 4.2835628986358651 0.29114626348018652
decision_type=2 2 2 2 2 2 2 2 2 2 2 2 2 2
left_child=1 2 8 4 5 -3 11 -8 9 -1 -10 -4 -2 -14
right_child=12 3 6 -5 -6 -7 7 -9 10 -11 -12 -13 13 -15
leaf_value=-0.00094027807347974747 0.0024891974888047526 0.0020445039520206715 -0.014743591796714587 0.016985565549963253 -0.065203721276213572 -0.052979102673934644 0.016404349680613023 -0.0077949516163443484 0.032356131772852632 -0.035326572038578745 0.0050334771576591875 -0.046582000088023184 -0.028684470322518189 -0.0012231032894199924
leaf_weight=768.98138578444195 3696.2001543759834 570.13155477023611 119.50060696506989 132.53316036846081 7.4952997221262185 8.5913986751984321 82.740872049704194 1008.8927391349025 37.108395473042037 26.392361126258038 128.97164538386278 23.122503612947185 46.481834497360978 826.20521643190295
leaf_count=109522 200758 121157 26287 11473 776 3214 13569 388402 626 3927 4848 6219 9340 47284
internal_value=-1.6183e-10 -0.00234245 -0.00418947 0.00329801 0.000179851 0.00113768 -0.00760865 -0.00594742 0.000203204 -0.00212422 0.0112955 -0.0201937 0.00149442 -0.00271693
internal_weight=7483.35 2914.46 2195.71 718.751 586.218 578.723 1234.26 1091.63 961.454 795.374 166.08 142.623 4568.89 872.687
internal_count=947402 690020 553400 136620 125147 124371 434477 401971 118923 113449 5474 32506 257382 56624
is_linear=0
shrinkage=0.055


Tree=66
num_leaves=15
num_cat=0
split_feature=1 2 5 7 1 2 2 2 0 5 6 1 1 2
split_gain=7.24967 9.51201 11.5579 8.10728 7.81315 10.8297 6.67172 36.8017 14.3484 11.3212 8.41157 6.96163 6.62722 6.57535
threshold=0.64684641361236583 0.010421403683722021 3.7954261302948002 0.70394054055213939 0.47121012210845953 0.29445202648639685 0.030278914608061317 0.031036835163831714 0.33581838011741644 4.2696731090545663 1.5318918228149416 0.76435351371765148 0.34360256791114813 0.013225708622485401
decision_type=2 2 2 2 2 2 2 2 2 2 2 2 2 2
left_child=1 -1 4 12 5 -3 8 10 9 13 -8 -12 -4 -2
right_child=6 2 3 -5 -6 -7 7 -9 -10 -11 11 -13 -14 -15
leaf_value=0.0033017139793216472 -0.029594944566420419 -0.027928830289504609 -0.021433808459463154 0.038610718123496472 -0.0067896653215960062 0.0090494719900122075 0.066414679499424353 0.001405797603559724 0.0045581283182424132 -0.04223171579054328 -0.042621835096240679 0.043217774674381544 -0.00069052719951864935 -0.003367211522322726
leaf_weight=679.6871760070062 36.581503094406798 122.54769557101099 47.505326100923412 14.428670977009459 578.75682032432815 29.206390915205702 31.531849979481194 4359.8986597061303 213.38291123736417 38.68909645898384 3.9897659920970892 5.7257342631928623 1182.9123744812277 126.81460497889202
leaf_count=45465 7025 110991 65637 975 144323 11283 1053 245094 10088 7858 227 101 278571 18711
internal_value=-2.95746e-11 -0.00230703 -0.0042376 -0.00101254 -0.00972446 -0.0207994 0.00127191 0.00190115 -0.0053823 -0.0158492 0.0529877 0.00727901 -0.00150816 -0.00938344
internal_weight=7471.66 2655.04 1975.36 1244.85 730.511 151.754 4816.61 4401.15 415.468 202.085 41.2474 9.7155 1230.42 163.396
internal_count=947402 657245 611780 345183 266597 122274 290157 246475 43682 33594 1381 328 344208 25736
is_linear=0
shrinkage=0.055


Tree=67
num_leaves=15
num_cat=0
split_feature=7 0 6 5 0 3 2 2 2 2 2 2 0 5
split_gain=7.70893 7.38498 6.90617 17.3369 8.64705 10.8953 7.36794 12.0337 5.93882 19.8215 27.5107 11.5514 9.86374 7.10898
threshold=0.62673112750053417 0.83152893185615551 1.5688218474388125 4.6298508644104013 0.11000568419694902 0.37051735818386083 0.023002879694104198 0.031036835163831714 0.074541456997394576 0.15366832911968234 0.15609367936849597 0.072305593639612212 0.22771707922220233 4.5271940231323251
decision_type=2 2 2 2 2 2 2 2 2 2 2 2 2 2
left_child=1 8 3 6 -4 -6 -2 -8 11 13 -11 12 -1 -10
right_child=2 -3 4 -5 5 -7 7 -9 9 10 -12 -13 -14 -15
leaf_value=-0.0034475807539850523 -0.042739991426299272 0.013840066623983344 0.041742747989562054 -0.04239612502541986 -0.018080110492774398 0.00096249826709871695 0.034804004598962858 0.0062949848436245478 -0.01483219149036632 0.051027808231213813 -0.0019017850030588757 0.029525194581614643 0.0040885907577089264 0.016413103549343052
leaf_weight=1346.9334030406171 7.8070700904645483 91.268110148812411 14.251488408073781 20.716469045553822 93.70701514108805 2253.7276369837637 46.500054698524764 807.53662485502718 486.40519690547444 29.376360042911983 1343.5036529017652 38.42488573412993 859.93541842652485 22.272491789080959
leaf_count=229222 1830 2020 805 4150 9989 88552 2687 45185 178271 4029 310539 3806 56637 9680
internal_value=4.30469e-10 -0.00155016 0.00201535 0.00616348 0.000463243 0.000194963 0.00737851 0.00788612 -0.00189379 -0.00417211 -0.000732901 1.64408e-05 -0.000510491 -0.0134346
internal_weight=7462.37 4218.12 3244.25 882.56 2361.69 2347.43 861.844 854.037 4126.85 1881.56 1372.88 2245.29 2206.87 508.678
internal_count=947402 794204 153198 53852 99346 98541 49702 47872 792184 502519 314568 289665 285859 187951
is_linear=0
shrinkage=0.055


Tree=68
num_leaves=15
num_cat=0
split_feature=1 2 1 7 5 2 2 3 5 7 5 6 1 7
split_gain=7.16564 8.4675 9.3482 8.67888 7.36625 5.72736 37.8394 11.1411 7.16107 9.58353 5.72543 6.57318 10.1498 6.57364
threshold=0.64684641361236583 0.0098908594809472578 0.34360256791114813 0.71616122126579296 3.7954261302948002 0.030278914608061317 0.031036835163831714 0.59467956423759472 4.1510088443756112 0.72898054122924816 4.6959142684936532 1.0893747806549074 0.340160682797432 0.1100943759083748
decision_type=2 2 2 2 2 2 2 2 2 2 2 2 2 2
left_child=1 10 -3 4 -4 7 8 -2 -7 -10 11 12 -1 -13
right_child=5 2 3 -5 -6 6 -8 -9 9 -11 -12 13 -14 -15
leaf_value=0.011632831486180445 -0.010282150700713524 -0.02192465325722465 -0.0081435240099870469 0.039832384844946632 -0.0010025735099756107 0.05474791356035999 0.0012513788675191006 0.010216586370045258 -0.045587904239646405 0.047919786972033279 -0.04794771806144197 0.025911697105154931 -0.010300982782928831 0.0052998059913917581
leaf_weight=96.137661584405578 305.07093703853025 84.223196539245691 688.59399187650706 13.01543130353093 1193.7831057055992 47.031282358046155 4327.0771008139855 107.79076281416928 5.1037296711001527 6.2746439661132172 5.5940911052457514 53.884591885755071 185.20024908400956 324.57034450938227
leaf_count=3955 40578 121313 212278 621 280414 948 245094 3104 320 113 448 749 20127 17340
internal_value=-8.87246e-12 -0.00229797 -0.00410166 -0.00329853 -0.00361775 0.00126693 0.00185023 -0.00491854 0.0454464 0.00568275 0.00306636 0.00357079 -0.00279119 0.00829509
internal_weight=7443.35 2645 1979.62 1895.39 1882.38 4798.35 4385.49 412.862 58.4097 11.3784 665.387 659.793 281.338 378.455
internal_count=947402 657245 614626 493313 492692 290157 246475 43682 1381 433 42619 42171 24082 18089
is_linear=0
shrinkage=0.055


Tree=69
num_leaves=15
num_cat=0
split_feature=1 2 5 1 2 7 5 6 3 7 3 1 3 2
split_gain=7.06891 7.9319 8.90869 7.16446 9.67335 5.9153 5.89227 5.10818 7.24944 9.61038 7.14201 6.85271 5.01166 4.4845
threshold=0.64684641361236583 0.0098908594809472578 3.7954261302948002 0.47121012210845953 0.62293466925621044 0.71616122126579296 4.0342013835906991 0.31291848421096807 0.16779932379722598 0.078949175775051131 0.18226964771747592 0.340160682797432 0.17351555079221728 0.070903439074754729
decision_type=2 2 2 2 2 2 2 2 2 2 2 2 2 2
left_child=1 7 3 4 -3 6 -4 11 9 -9 -10 12 -1 -2
right_child=13 2 5 -5 -6 -7 -8 8 10 -11 -12 -13 -14 -15
leaf_value=-0.038347277673138412 0.0037369184066473092 -0.021848280029196646 0.0045052873458067558 -0.0060979078839175707 0.065672016329837657 0.03079125416530663 -0.0040067239293146402 0.04451919433289752 -0.031957741148802427 -0.0077958972972365995 0.0036521634089539262 -0.034390586753264209 0.019248429338156077 0.00011648590847925976
leaf_weight=4.9227394027111613 1511.096170335717 145.10184616158949 337.64786535554231 570.77267525400384 2.9756333719997192 16.207855187007226 898.76542835056898 27.917763828998432 16.578648009686731 16.374290001171175 557.90938915580045 23.994690046893083 19.245141315710498 3279.9929542180762
leaf_count=362 109245 121964 106986 145082 817 621 239156 593 1255 1087 33893 4947 482 180912
internal_value=-2.73956e-10 -0.00228565 -0.00403918 -0.00891519 -0.0196608 -0.00123606 -0.00168045 0.00289604 0.0042457 0.0254338 0.00257078 -0.0141778 0.00645927 0.0012589
internal_weight=7429.5 2638.41 1971.47 718.85 148.077 1252.62 1236.41 666.943 618.78 44.2921 574.488 48.1626 24.1679 4791.09
internal_count=947402 657245 614626 267863 122781 346763 346142 42619 36828 1680 35148 5791 844 290157
is_linear=0
shrinkage=0.055


end of trees

feature_importances:
popularity_normalized=408
als_normalized=139
log_history_count=123
als_raw=87
blend_score=84
cosine_raw=75
cosine_normalized=64

parameters:
[boosting: gbdt]
[objective: lambdarank]
[metric: ndcg]
[tree_learner: serial]
[device_type: cpu]
[data_sample_strategy: bagging]
[data: ]
[valid: ]
[num_iterations: 70]
[learning_rate: 0.055]
[num_leaves: 15]
[num_threads: 2]
[seed: 861]
[deterministic: 1]
[force_col_wise: 1]
[force_row_wise: 0]
[histogram_pool_size: -1]
[max_depth: 5]
[min_data_in_leaf: 100]
[min_sum_hessian_in_leaf: 0.001]
[bagging_fraction: 1]
[pos_bagging_fraction: 1]
[neg_bagging_fraction: 1]
[bagging_freq: 0]
[bagging_seed: 21521]
[bagging_by_query: 0]
[feature_fraction: 1]
[feature_fraction_bynode: 1]
[feature_fraction_seed: 11574]
[extra_trees: 0]
[extra_seed: 17607]
[early_stopping_round: 0]
[early_stopping_min_delta: 0]
[first_metric_only: 0]
[max_delta_step: 0]
[lambda_l1: 0]
[lambda_l2: 1]
[linear_lambda: 0]
[min_gain_to_split: 0]
[drop_rate: 0.1]
[max_drop: 50]
[skip_drop: 0.5]
[xgboost_dart_mode: 0]
[uniform_drop: 0]
[drop_seed: 1329]
[top_rate: 0.2]
[other_rate: 0.1]
[min_data_per_group: 100]
[max_cat_threshold: 32]
[cat_l2: 10]
[cat_smooth: 10]
[max_cat_to_onehot: 4]
[top_k: 20]
[monotone_constraints: ]
[monotone_constraints_method: basic]
[monotone_penalty: 0]
[feature_contri: ]
[forcedsplits_filename: ]
[refit_decay_rate: 0.9]
[cegb_tradeoff: 1]
[cegb_penalty_split: 0]
[cegb_penalty_feature_lazy: ]
[cegb_penalty_feature_coupled: ]
[path_smooth: 0]
[interaction_constraints: ]
[verbosity: -1]
[saved_feature_importance_type: 0]
[use_quantized_grad: 0]
[num_grad_quant_bins: 4]
[quant_train_renew_leaf: 0]
[stochastic_rounding: 1]
[linear_tree: 0]
[max_bin: 255]
[max_bin_by_feature: ]
[min_data_in_bin: 3]
[bin_construct_sample_cnt: 200000]
[data_random_seed: 2850]
[is_enable_sparse: 1]
[enable_bundle: 1]
[use_missing: 1]
[zero_as_missing: 0]
[feature_pre_filter: 1]
[pre_partition: 0]
[two_round: 0]
[header: 0]
[label_column: ]
[weight_column: ]
[group_column: ]
[ignore_column: ]
[categorical_feature: ]
[forcedbins_filename: ]
[precise_float_parser: 0]
[parser_config_file: ]
[objective_seed: 9575]
[num_class: 1]
[is_unbalance: 0]
[scale_pos_weight: 1]
[sigmoid: 1]
[boost_from_average: 1]
[reg_sqrt: 0]
[alpha: 0.9]
[fair_c: 1]
[poisson_max_delta_step: 0.7]
[tweedie_variance_power: 1.5]
[lambdarank_truncation_level: 30]
[lambdarank_norm: 1]
[label_gain: ]
[lambdarank_position_bias_regularization: 0]
[eval_at: 1,2,3,4,5]
[multi_error_top_k: 1]
[auc_mu_weights: ]
[num_machines: 1]
[local_listen_port: 12400]
[time_out: 120]
[machine_list_filename: ]
[machines: ]
[gpu_platform_id: -1]
[gpu_device_id: -1]
[gpu_device_id_list: ]
[gpu_use_dp: 0]
[num_gpu: 1]

end of parameters

pandas_categorical:null
