user_id,model,ndcg,recall,hit_rate,recall200,long_tail_share,novelty,diversity,calibration
18,popularity,0.0,0.0,0.0,0.0,0.0,6.735415873612358,0.4538868632463119,0.3523001905794713
31,popularity,0.0,0.0,0.0,0.5,0.0,6.902726651459437,0.6725955766457683,0.12624937701346378
36,popularity,0.0,0.0,0.0,0.6,0.0,6.6663376765010955,0.4633348764676162,0.09175669257113005
43,popularity,0.0,0.0,0.0,1.0,0.0,6.748653665385271,0.5214493823380879,0.2582164365700333
54,popularity,0.0,0.0,0.0,1.0,0.0,6.6659822105291315,0.48999443472763393,0.3531970011433356
55,popularity,0.133052010135729,0.14285714285714285,1.0,0.8571428571428571,0.0,6.615575519898556,0.44201698901485365,0.274739301740101
79,popularity,0.0,0.0,0.0,1.0,0.0,6.697175224108472,0.45280955265391576,0.3150679310971225
89,popularity,0.0,0.0,0.0,0.0,0.0,7.109206891431751,0.6988823806943816,0.12309249099845139
90,popularity,0.0,0.0,0.0,1.0,0.0,6.606075868504982,0.4452590204002842,0.20391161105050615
104,popularity,0.0,0.0,0.0,1.0,0.0,6.606075868504982,0.4452590204002842,0.2912647479438965
133,popularity,0.0,0.0,0.0,1.0,0.0,6.677769145614649,0.4676559114125779,0.21409144592866217
151,popularity,0.0,0.0,0.0,0.5,0.0,6.686396523028847,0.4599817673193719,0.2595661217213349
182,popularity,0.0,0.0,0.0,0.6,0.0,6.987180422134324,0.658344860058016,0.3116796483595053
205,popularity,0.0,0.0,0.0,1.0,0.0,6.665200197514629,0.4662315964171747,0.36224630485099135
222,popularity,0.0,0.0,0.0,0.0,0.0,6.606075868504982,0.4452590204002842,0.22041108876796142
242,popularity,0.0,0.0,0.0,0.0,0.0,6.724943384826007,0.5456171761086489,0.1601681260274526
246,popularity,0.0,0.0,0.0,0.5,0.0,6.606075868504982,0.4452590204002842,0.09913067924688758
258,popularity,0.0,0.0,0.0,0.625,0.0,6.715851173370441,0.4469952897658247,0.5552144587068407
279,popularity,0.6131471927654584,0.5,1.0,0.5,0.0,6.606075868504982,0.4452590204002842,0.07428922008858461
293,popularity,0.0,0.0,0.0,0.5,0.0,7.150434061219431,0.7233255145317989,0.133927966155435
314,popularity,0.0,0.0,0.0,1.0,0.0,6.606075868504982,0.4452590204002842,0.2995392955825433
322,popularity,0.0,0.0,0.0,1.0,0.0,6.65534508014909,0.49974442587774714,0.307427224835408
335,popularity,0.0,0.0,0.0,0.25,0.0,6.65534508014909,0.49974442587774714,0.18139422644065534
339,popularity,0.0,0.0,0.0,0.0,0.0,6.628144467998576,0.4436420248597617,0.3371224520131481
345,popularity,0.39327839964630634,0.15789473684210525,1.0,0.7368421052631579,0.0,6.675837327894671,0.45935777463751437,0.28718072296708114
383,popularity,0.0,0.0,0.0,0.5,0.0,6.9783602991078535,0.6588805682273001,0.21266926614751697
385,popularity,1.0,1.0,1.0,1.0,0.0,7.0590919388851745,0.656525391269626,0.20908341073023765
392,popularity,0.0,0.0,0.0,0.0,0.0,6.628144467998576,0.4436420248597617,0.2189590167872034
394,popularity,0.0,0.0,0.0,0.5,0.0,6.917099800799957,0.674635728702391,0.08520019365009238
396,popularity,0.0,0.0,0.0,0.0,0.0,6.615575519898556,0.44201698901485365,0.34501132018438807
401,popularity,0.606740874130346,0.7142857142857143,1.0,0.7142857142857143,0.0,6.606075868504982,0.4452590204002842,0.1484945943628407
404,popularity,0.0,0.0,0.0,0.75,0.0,6.606075868504982,0.4452590204002842,0.3532358784396243
407,popularity,0.0,0.0,0.0,1.0,0.0,6.606075868504982,0.4452590204002842,0.31443852153135027
427,popularity,0.0,0.0,0.0,1.0,0.0,6.616712998885022,0.43957033921460875,0.3681130872801838
428,popularity,0.0,0.0,0.0,0.0,0.0,6.606075868504982,0.4452590204002842,0.27389912583555515
448,popularity,0.0,0.0,0.0,0.5,0.0,6.972096677686589,0.6826010483551848,0.14937412524800667
488,popularity,0.0,0.0,0.0,0.3333333333333333,0.0,7.242114082481082,0.7431716960558259,0.20260999490341108
508,popularity,0.0,0.0,0.0,0.0,0.0,6.65534508014909,0.49974442587774714,0.22906719426551853
510,popularity,0.0,0.0,0.0,0.6,0.0,6.677769145614649,0.4676559114125779,0.3304761698439278
515,popularity,0.0,0.0,0.0,0.0,0.0,6.606075868504982,0.4452590204002842,0.3273341986724115
525,popularity,0.0,0.0,0.0,0.16666666666666666,0.0,6.65534508014909,0.49974442587774714,0.21467923263987085
555,popularity,0.0,0.0,0.0,0.5714285714285714,0.0,6.65534508014909,0.49974442587774714,0.17661429347654198
558,popularity,0.0,0.0,0.0,0.0,0.0,6.936436610432376,0.6776435833819701,0.17670058936646849
559,popularity,0.17342765698823945,0.14285714285714285,1.0,0.2857142857142857,0.0,7.0714049585820975,0.6945002367190525,0.1760562242443543
562,popularity,0.0,0.0,0.0,0.0,0.0,6.67026251830273,0.49555419093156716,0.2549040136972515
566,popularity,0.0,0.0,0.0,1.0,0.0,7.36772982736816,0.7206502603872597,0.16975599598949553
575,popularity,0.14201905717762706,0.15384615384615385,1.0,0.9230769230769231,0.0,6.726456908762155,0.5997725541627305,0.100796262801537
595,popularity,0.0,0.0,0.0,0.5,0.0,6.616712998885022,0.43957033921460875,0.25783944095737155
610,popularity,0.0,0.0,0.0,1.0,0.0,7.294199400715284,0.7325089243373749,0.07418213039464747
632,popularity,0.0,0.0,0.0,0.0,0.0,6.945110529983554,0.6795235454155324,0.1562961084062234
635,popularity,0.0,0.0,0.0,1.0,0.0,6.715206632443923,0.4497876734344951,0.43976038579641336
637,popularity,0.0,0.0,0.0,0.2,0.0,6.729386847312378,0.5157358425114358,0.4584390084424421
646,popularity,0.0,0.0,0.0,1.0,0.0,6.606075868504982,0.4452590204002842,0.11862398747454983
656,popularity,0.0,0.0,0.0,0.4,0.0,6.636771845412774,0.43736287010340813,0.310784953923695
662,popularity,0.0,0.0,0.0,0.4,0.0,6.617507337618534,0.44868449156582957,0.3484298031094799
665,popularity,0.0,0.0,0.0,0.5,0.0,6.617507337618534,0.44868449156582957,0.21924189913299327
676,popularity,0.0,0.0,0.0,0.0,0.0,6.606075868504982,0.4452590204002842,0.2084605982716763
701,popularity,0.0,0.0,0.0,0.75,0.0,6.606075868504982,0.4452590204002842,0.4560318804522923
709,popularity,0.0,0.0,0.0,0.5,0.0,6.69650227341924,0.51856461364597,0.2265049752262056
740,popularity,0.0,0.0,0.0,0.6666666666666666,0.0,7.2888591428169445,0.7266216320204517,0.2515037043863621
745,popularity,0.0,0.0,0.0,0.3333333333333333,0.0,6.606075868504982,0.4452590204002842,0.29567722522706924
759,popularity,0.0,0.0,0.0,1.0,0.0,7.427698649364098,0.7422040782860211,0.11890623835499076
773,popularity,0.0,0.0,0.0,0.5,0.0,6.615575519898556,0.44201698901485365,0.27146207129556355
795,popularity,0.0,0.0,0.0,0.0,0.0,7.30660131960685,0.7460894952561976,0.09836606048111504
812,popularity,0.0,0.0,0.0,0.0,0.0,7.132575845211479,0.7069805194311288,0.10273993882500462
820,popularity,0.46927872602275644,0.3333333333333333,1.0,1.0,0.0,6.606075868504982,0.4452590204002842,0.10115690638737383
828,popularity,0.0,0.0,0.0,0.75,0.0,6.606075868504982,0.4452590204002842,0.20489191004873641
829,popularity,0.15958907712489637,0.125,1.0,0.375,0.0,6.615575519898556,0.44201698901485365,0.33302375907503157
840,popularity,0.0,0.0,0.0,0.0,0.0,6.667914028249109,0.5014976718433783,0.11590557315162511
852,popularity,0.0,0.0,0.0,0.75,0.0,7.126422045868635,0.7034706011394265,0.10714511137659236
853,popularity,0.0,0.0,0.0,0.0,0.0,6.606075868504982,0.4452590204002842,0.28369332289825694
857,popularity,0.0,0.0,0.0,0.75,0.0,6.979123874003958,0.675068906097994,0.3097394313011221
860,popularity,0.0,0.0,0.0,0.7727272727272727,0.0,6.606075868504982,0.4452590204002842,0.2918028876508558
896,popularity,0.20438239758848611,0.5,1.0,1.0,0.0,6.686396523028847,0.4599817673193719,0.24244491903395118
899,popularity,0.0,0.0,0.0,0.6666666666666666,0.0,6.712836170252615,0.553341316051329,0.1029321141330009
925,popularity,0.0,0.0,0.0,0.0,0.0,6.606075868504982,0.4452590204002842,0.11406828169378075
934,popularity,0.0,0.0,0.0,0.9,0.0,7.153258047276384,0.7202032989559068,0.08664689509489125
944,popularity,0.0,0.0,0.0,0.2857142857142857,0.0,6.606075868504982,0.4452590204002842,0.10125534061425447
946,popularity,0.0,0.0,0.0,1.0,0.0,6.606075868504982,0.4452590204002842,0.2845102435955541
953,popularity,0.0,0.0,0.0,1.0,0.0,6.606075868504982,0.4452590204002842,0.4184876108610152
975,popularity,0.0,0.0,0.0,0.25,0.0,6.606075868504982,0.4452590204002842,0.3396450229856576
990,popularity,0.0,0.0,0.0,0.0,0.0,6.606075868504982,0.4452590204002842,0.3086027684234087
1007,popularity,0.0,0.0,0.0,0.75,0.0,6.606075868504982,0.4452590204002842,0.17059812451781423
1030,popularity,0.0,0.0,0.0,0.0,0.0,6.688547846694272,0.4621626336754553,0.3983119792308352
1061,popularity,0.0,0.0,0.0,0.6666666666666666,0.0,6.687320106742931,0.4899588815492183,0.11058073360271996
1063,popularity,0.0,0.0,0.0,0.5,0.0,7.174401824285292,0.6770729772182134,0.20460859423728553
1096,popularity,0.0,0.0,0.0,1.0,0.0,6.65534508014909,0.49974442587774714,0.2168443203844615
1115,popularity,0.6049306994552042,0.6666666666666666,1.0,1.0,0.0,7.053647441629371,0.6815972808032364,0.09242888398148336
1143,popularity,0.0,0.0,0.0,0.0,0.0,7.412694065160203,0.7389549386520637,0.10314395351311201
1157,popularity,0.0,0.0,0.0,1.0,0.0,6.873552171398178,0.6654451818888583,0.19827288720166236
1166,popularity,0.0,0.0,0.0,0.0,0.0,6.617507337618534,0.44868449156582957,0.24796169019020511
1173,popularity,0.0,0.0,0.0,1.0,0.0,7.285219895237843,0.682508171077987,0.21950201178360323
1198,popularity,0.0,0.0,0.0,0.0,0.0,6.736171024603209,0.5886753215424205,0.3597427306712361
1206,popularity,0.0,0.0,0.0,0.0,0.0,6.686396523028847,0.4599817673193719,0.22160236007434475
1247,popularity,0.8630152897016883,0.3076923076923077,1.0,0.8076923076923077,0.0,6.606075868504982,0.4452590204002842,0.23886831827776178
1258,popularity,0.0,0.0,0.0,0.6666666666666666,0.0,6.665200197514629,0.4662315964171747,0.29265065131814466
1271,popularity,0.0,0.0,0.0,1.0,0.0,6.675837327894671,0.45935777463751437,0.420260515471696
1276,popularity,0.0,0.0,0.0,0.75,0.0,6.774885241415214,0.4971581921777566,0.3572104512246039
1287,popularity,0.0,0.0,0.0,0.0,0.0,6.615575519898556,0.44201698901485365,0.4435102426324084
1294,popularity,0.0,0.0,0.0,0.4444444444444444,0.0,6.6980474980878455,0.45925798709914356,0.34532775984445585
1311,popularity,0.0,0.0,0.0,0.5,0.0,7.047249484518167,0.6815681215096492,0.2592602013595756
1321,popularity,0.0,0.0,0.0,0.6666666666666666,0.0,7.008031540119809,0.6717806725410437,0.12133745273963116
1328,popularity,0.0,0.0,0.0,0.0,0.0,6.606075868504982,0.4452590204002842,0.07275789123635343
1346,popularity,0.7977228895450266,1.0,1.0,1.0,0.0,7.104973717182338,0.6779430619998498,0.0646067323435986
1357,popularity,0.0,0.0,0.0,0.0,0.0,7.28543395834641,0.7432892462539832,0.2180456857186174
1362,popularity,0.0,0.0,0.0,0.6,0.0,6.606075868504982,0.4452590204002842,0.3231434652683495
1375,popularity,0.0,0.0,0.0,0.0,0.0,6.749978808905657,0.6248351107670482,0.24484450454940457
1390,popularity,0.0,0.0,0.0,1.0,0.0,7.13357327086173,0.705677243208376,0.18793287249076182
1414,popularity,0.0,0.0,0.0,1.0,0.0,7.231178923414421,0.7006591887528704,0.09070618974455755
1417,popularity,0.6131471927654584,0.5,1.0,1.0,0.0,6.617507337618534,0.44868449156582957,0.2347851045785992
1422,popularity,0.0,0.0,0.0,0.4,0.0,6.685602184295336,0.45327968537310626,0.16169611697414688
1430,popularity,0.0,0.0,0.0,0.631578947368421,0.0,6.606075868504982,0.4452590204002842,0.14055352369334068
1433,popularity,0.0,0.0,0.0,0.75,0.0,6.615575519898556,0.44201698901485365,0.4305957042219272
1444,popularity,0.0,0.0,0.0,0.0,0.0,6.775705541428546,0.5634915039554618,0.08497777146800913
1464,popularity,0.0,0.0,0.0,0.6666666666666666,0.0,6.753962348015499,0.5054291821475156,0.28564380222535146
1468,popularity,0.0,0.0,0.0,1.0,0.0,6.628144467998576,0.4436420248597617,0.28190435980396816
1476,popularity,0.0,0.0,0.0,1.0,0.0,7.223068641550538,0.6843740518864438,0.1149635889876547
1508,popularity,0.0,0.0,0.0,0.5,0.0,6.618644816605,0.4456539322875993,0.24611047408682016
1518,popularity,0.0,0.0,0.0,0.5,0.0,7.032011706003006,0.6722872603497714,0.1423625091866896
1540,popularity,0.19092086617893467,0.16666666666666666,1.0,0.5,0.0,7.047249484518167,0.6815681215096492,0.3728094059347436
1545,popularity,0.0,0.0,0.0,0.5,0.0,7.135197550953892,0.6872042342614517,0.18887565406282225
1555,popularity,0.0,0.0,0.0,1.0,0.0,6.687534002015314,0.4565468917265223,0.31458875722627294
1565,popularity,0.0,0.0,0.0,0.0,0.0,7.228118407652923,0.731720734078451,0.1281997594034802
1574,popularity,0.0,0.0,0.0,0.0,0.0,6.606075868504982,0.4452590204002842,0.34386315891277586
1606,popularity,0.0,0.0,0.0,1.0,0.0,6.61504413990891,0.5036676982864774,0.08246481564494026
1609,popularity,0.0,0.0,0.0,0.75,0.0,6.606075868504982,0.4452590204002842,0.11629227818099805
1642,popularity,0.0,0.0,0.0,0.0,0.0,6.665200197514629,0.4662315964171747,0.300459716731579
1648,popularity,0.0,0.0,0.0,0.6666666666666666,0.0,6.724313819007557,0.45862954521005084,0.3914935643707484
1655,popularity,0.0,0.0,0.0,0.5555555555555556,0.0,6.606075868504982,0.4452590204002842,0.30975178161542083
1672,popularity,0.0,0.0,0.0,0.0,0.0,6.665200197514629,0.4662315964171747,0.2767603255468569
1680,popularity,0.0,0.0,0.0,0.3333333333333333,0.0,6.606075868504982,0.4452590204002842,0.4042750058814128
1705,popularity,0.0,0.0,0.0,1.0,0.0,6.677769145614649,0.4676559114125779,0.3466386593720261
1706,popularity,0.0,0.0,0.0,0.0,0.0,6.606075868504982,0.4452590204002842,0.29783436891698084
1713,popularity,0.0,0.0,0.0,1.0,0.0,7.276118474339822,0.7075632456663705,0.06806994596408819
1731,popularity,0.0,0.0,0.0,0.0,0.0,6.686396523028847,0.4599817673193719,0.3140431248270063
1734,popularity,0.0,0.0,0.0,0.0,0.0,6.665200197514629,0.4662315964171747,0.30931909294631516
1740,popularity,0.0,0.0,0.0,0.0,0.0,6.617507337618534,0.44868449156582957,0.32507309969536285
1741,popularity,0.08514311764162101,0.0625,1.0,0.625,0.0,6.685478549987829,0.45762389243535007,0.37910837026038646
1743,popularity,0.0,0.0,0.0,0.0,0.0,7.022225281339732,0.6792039454974242,0.2351568579523703
1751,popularity,0.0,0.0,0.0,0.0,0.0,7.1250752945052565,0.7103171403640418,0.10330332618565968
1752,popularity,0.0,0.0,0.0,0.0,0.0,6.606075868504982,0.4452590204002842,0.2789048385857995
1777,popularity,0.0,0.0,0.0,1.0,0.0,7.234172909171188,0.724189319952457,0.07368085437347731
1789,popularity,0.0,0.0,0.0,0.7142857142857143,0.0,6.739506192932424,0.5860778791917336,0.24597739223669798
1792,popularity,0.0,0.0,0.0,0.07692307692307693,0.0,6.95132760926784,0.6684701159596307,0.30914759227496413
1794,popularity,0.0,0.0,0.0,0.0,0.0,7.371389259199574,0.7158245833434405,0.07609021106487049
1806,popularity,0.0,0.0,0.0,0.25,0.0,6.934846354972736,0.6407325541237854,0.10585936276666304
1811,popularity,0.0,0.0,0.0,0.5,0.0,6.6757470669297945,0.48524434338720324,0.36255583862534263
1819,popularity,0.0,0.0,0.0,1.0,0.0,6.617507337618534,0.44868449156582957,0.10121839930313163
1823,popularity,0.7587492362187309,0.8888888888888888,1.0,1.0,0.0,6.744592171480756,0.4534447607492196,0.3998865910944188
1847,popularity,0.5017493542077721,0.3076923076923077,1.0,0.9230769230769231,0.0,6.939826079948224,0.6688480070795145,0.1733330371627184
1856,popularity,0.0,0.0,0.0,0.5,0.0,6.616712998885022,0.43957033921460875,0.25754689674788983
1873,popularity,0.0,0.0,0.0,1.0,0.0,6.808446182194063,0.5723372464042653,0.17224166334554367
1876,popularity,0.0,0.0,0.0,0.0,0.0,6.606075868504982,0.4452590204002842,0.28322028825261597
1878,popularity,0.0,0.0,0.0,0.5,0.0,6.606075868504982,0.4452590204002842,0.34433493013500754
1886,popularity,0.0,0.0,0.0,0.0,0.0,7.264971178094005,0.6852185553491703,0.20129813834897947
1916,popularity,0.0,0.0,0.0,0.5,0.0,6.65534508014909,0.49974442587774714,0.12734073685361982
1933,popularity,0.0,0.0,0.0,0.9,0.0,7.244029088982567,0.7230163006063997,0.07054686840398787
1939,popularity,0.0,0.0,0.0,0.0,0.0,6.615575519898556,0.44201698901485365,0.2352460785512189
2000,popularity,0.0,0.0,0.0,0.875,0.0,6.8791403334933445,0.6357386841318734,0.35494502404476036
2021,popularity,0.0,0.0,0.0,1.0,0.0,6.715302162732849,0.5400546455497989,0.1661471051758147
2026,popularity,0.0,0.0,0.0,0.3333333333333333,0.0,6.636771845412774,0.43736287010340813,0.2991538120385681
2031,popularity,0.0,0.0,0.0,0.3,0.0,7.085693732557561,0.6309210018635993,0.28336870964988214
2042,popularity,0.0,0.0,0.0,1.0,0.0,7.202648190592107,0.701238341083257,0.07585531209927046
2046,popularity,0.0,0.0,0.0,0.14285714285714285,0.0,6.70910849483918,0.5227698156062641,0.23138342478962226
2063,popularity,0.0,0.0,0.0,0.0,0.0,7.2381657657705745,0.7061637230992419,0.24094249072279106
2067,popularity,0.0,0.0,0.0,1.0,0.0,6.738260084468825,0.452109166837804,0.4350080285799322
2068,popularity,0.0,0.0,0.0,1.0,0.0,6.606075868504982,0.4452590204002842,0.3015095567964214
2070,popularity,0.0,0.0,0.0,0.0,0.0,6.615575519898556,0.44201698901485365,0.15041010076373046
2078,popularity,0.0,0.0,0.0,1.0,0.0,6.606075868504982,0.4452590204002842,0.3333090375852914
2079,popularity,0.0,0.0,0.0,0.3333333333333333,0.0,6.615575519898556,0.44201698901485365,0.2972997964273534
2089,popularity,0.0,0.0,0.0,1.0,0.0,7.283226702301105,0.7141771494605295,0.15686346561469755
2095,popularity,0.0,0.0,0.0,0.2,0.0,6.606075868504982,0.4452590204002842,0.09080705325452804
2096,popularity,0.10699313236726378,0.2,1.0,0.8,0.0,6.606075868504982,0.4452590204002842,0.18256890582706495
2105,popularity,0.0,0.0,0.0,0.6,0.0,6.665200197514629,0.4662315964171747,0.25726834721327874
2108,popularity,0.46927872602275644,0.3333333333333333,1.0,0.6666666666666666,0.0,6.737512332926025,0.5429190116812688,0.3242474482888094
2145,popularity,0.0,0.0,0.0,1.0,0.0,6.617507337618534,0.44868449156582957,0.38969513429807434
2153,popularity,0.0,0.0,0.0,0.0,0.0,7.006156563843971,0.665715066152913,0.2094224246519324
2176,popularity,0.1396181455537491,0.18181818181818182,1.0,0.9090909090909091,0.0,6.857719672530912,0.5815222209639589,0.3005515277093128
2186,popularity,0.0,0.0,0.0,1.0,0.0,6.606075868504982,0.4452590204002842,0.3307656560543069
2198,popularity,0.0,0.0,0.0,1.0,0.0,6.618644816605,0.4456539322875993,0.3945789009302172
2204,popularity,0.0,0.0,0.0,1.0,0.0,7.4143901960427225,0.7671556396844541,0.18617009694343004
2214,popularity,0.0,0.0,0.0,1.0,0.0,6.63790932439924,0.43437806465987217,0.4129284388403093
2219,popularity,0.0,0.0,0.0,0.5,0.0,7.006560123609491,0.6655633049931569,0.2667405740430777
2223,popularity,0.0,0.0,0.0,0.0,0.0,6.606075868504982,0.4452590204002842,0.2462277763138104
2225,popularity,0.0,0.0,0.0,0.5,0.0,6.734340015949796,0.5595262530171828,0.2630589625018696
2233,popularity,0.0,0.0,0.0,1.0,0.0,7.291757843982789,0.733340798226607,0.07326545192263978
2237,popularity,0.0,0.0,0.0,1.0,0.0,7.205947240511596,0.6977244518281362,0.07279978901980312
2260,popularity,0.0,0.0,0.0,1.0,0.0,7.441881108435643,0.7635486843841833,0.13683622638456774
2261,popularity,0.0,0.0,0.0,0.0,0.0,6.687534002015314,0.4565468917265223,0.24061414312609158
2262,popularity,0.0,0.0,0.0,0.6153846153846154,0.0,6.645630964308036,0.5123732996699959,0.13787672912846138
2268,popularity,0.0,0.0,0.0,0.0,0.0,6.647550546492397,0.43063259856110647,0.22300447326632258
2277,popularity,0.0,0.0,0.0,0.6666666666666666,0.0,7.028748551620031,0.697147150378735,0.21193778185740134
2278,popularity,0.0,0.0,0.0,0.5,0.0,6.65534508014909,0.49974442587774714,0.13989341771185757
2288,popularity,0.20453430723937174,0.3333333333333333,1.0,0.8333333333333334,0.0,7.250630944591689,0.7324150181466532,0.02934527868688195
2323,popularity,0.0,0.0,0.0,0.5,0.0,6.686396523028847,0.4599817673193719,0.2294483205609587
2338,popularity,0.0,0.0,0.0,0.0,0.0,6.606075868504982,0.4452590204002842,0.2973886481600587
2339,popularity,0.0,0.0,0.0,1.0,0.0,6.879632603665067,0.5415263847702654,0.25329765810284466
2344,popularity,0.10086747116627115,0.16666666666666666,1.0,0.6666666666666666,0.0,6.684464705308869,0.4561306514879706,0.14393863054456685
2354,popularity,0.18457569677956817,0.5,1.0,0.5,0.0,6.606075868504982,0.4452590204002842,0.28776047720410103
2366,popularity,0.4911492931622974,1.0,1.0,1.0,0.0,6.95132760926784,0.6684701159596307,0.4193871652989107
2381,popularity,0.0,0.0,0.0,0.0,0.0,6.7128869108122275,0.5557618651274868,0.17792427759278612
2399,popularity,0.0,0.0,0.0,1.0,0.0,6.88311724335467,0.6658782690534334,0.2592365901604211
2404,popularity,0.0,0.0,0.0,0.8,0.0,6.978956604485643,0.6446569790832466,0.27892516121485267
2437,popularity,0.0,0.0,0.0,0.0,0.0,6.617507337618534,0.44868449156582957,0.3193311378561784
2445,popularity,0.0,0.0,0.0,0.3333333333333333,0.0,6.617507337618534,0.44868449156582957,0.40070898224346524
2448,popularity,0.0,0.0,0.0,0.0,0.0,6.606075868504982,0.4452590204002842,0.20967449100182667
2455,popularity,0.0,0.0,0.0,0.3333333333333333,0.0,6.70570698105035,0.4472917408176518,0.5750868676668098
2467,popularity,0.31546487678572877,1.0,1.0,1.0,0.0,6.615575519898556,0.44201698901485365,0.2061904168463933
2469,popularity,0.0,0.0,0.0,0.0,0.0,6.606075868504982,0.4452590204002842,0.16698976595132803
2489,popularity,0.0,0.0,0.0,1.0,0.0,6.615575519898556,0.44201698901485365,0.45977984982750975
2493,popularity,0.0,0.0,0.0,0.5,0.0,7.446112176697272,0.760012419601549,0.10378945819410272
2507,popularity,0.0,0.0,0.0,0.0,0.0,6.697175224108472,0.45280955265391576,0.23959005489475982
2536,popularity,0.0,0.0,0.0,0.6666666666666666,0.0,6.63790932439924,0.43437806465987217,0.406600217986825
2538,popularity,0.0,0.0,0.0,1.0,0.0,7.0265708763436905,0.7034039871575202,0.0820122269886489
2545,popularity,0.0,0.0,0.0,0.5,0.0,6.65534508014909,0.49974442587774714,0.1292236736027475
2546,popularity,0.0,0.0,0.0,0.3333333333333333,0.0,6.615575519898556,0.44201698901485365,0.24372036738608588
2552,popularity,0.0,0.0,0.0,0.8125,0.0,7.166191466157278,0.7078876826411902,0.239816663560332
2557,popularity,0.0,0.0,0.0,1.0,0.0,6.606075868504982,0.4452590204002842,0.26933451032521194
2576,popularity,0.0,0.0,0.0,0.5,0.0,6.687410367707807,0.46357536974628455,0.386056270013279
2579,popularity,0.0,0.0,0.0,0.0,0.0,6.606075868504982,0.4452590204002842,0.2795480948499947
2599,popularity,0.0,0.0,0.0,0.625,0.0,7.430718406569618,0.7614539371231536,0.09211470739942271
2605,popularity,0.0,0.0,0.0,0.0,0.0,6.911558049017306,0.6612569866038474,0.20439700910984068
2610,popularity,0.0,0.0,0.0,0.6896551724137931,0.0,6.675837327894671,0.45935777463751437,0.3519183184164891
2614,popularity,0.0,0.0,0.0,0.0,0.0,6.665200197514629,0.4662315964171747,0.30277204908066463
2628,popularity,0.0,0.0,0.0,1.0,0.0,6.686396523028847,0.4599817673193719,0.3232327467739031
2642,popularity,0.0,0.0,0.0,1.0,0.0,7.42306344604557,0.7712344209763986,0.1881575448031616
2643,popularity,0.0,0.0,0.0,0.5,0.0,6.7341477867129855,0.4373823718115336,0.49696445116964894
2647,popularity,0.0,0.0,0.0,1.0,0.0,6.606075868504982,0.4452590204002842,0.2876106886201568
2672,popularity,0.0,0.0,0.0,0.0,0.0,6.606075868504982,0.4452590204002842,0.2990509651260342
2679,popularity,0.0,0.0,0.0,0.0,0.0,6.615575519898556,0.44201698901485365,0.38168937580637957
2689,popularity,0.0,0.0,0.0,0.5,0.0,6.65534508014909,0.49974442587774714,0.15855864304175668
2697,popularity,0.0,0.0,0.0,0.0,0.0,6.684464705308869,0.4561306514879706,0.21059876774885208
2702,popularity,0.9258513847149256,0.8888888888888888,1.0,1.0,0.0,6.71974562521922,0.5148539318084556,0.3249812092512037
2740,popularity,0.0,0.0,0.0,1.0,0.0,6.615575519898556,0.44201698901485365,0.2357697344214447
2751,popularity,0.0,0.0,0.0,0.75,0.0,6.606075868504982,0.4452590204002842,0.09563294649118874
2758,popularity,0.0,0.0,0.0,1.0,0.0,6.615575519898556,0.44201698901485365,0.4693059510257691
2787,popularity,0.0,0.0,0.0,0.0,0.0,6.606075868504982,0.4452590204002842,0.121890195759632
2790,popularity,0.0,0.0,0.0,0.4,0.0,6.606075868504982,0.4452590204002842,0.360141343592892
2792,popularity,0.0,0.0,0.0,0.5,0.0,6.984649394225308,0.6424235172326382,0.13568436184429034
2793,popularity,0.0,0.0,0.0,1.0,0.0,6.628144467998576,0.4436420248597617,0.4138238210521982
2803,popularity,0.0,0.0,0.0,0.0,0.0,6.752706389121464,0.4489359622579504,0.39371898275511247
2820,popularity,0.0,0.0,0.0,1.0,0.0,6.606075868504982,0.4452590204002842,0.37724993610295404
2829,popularity,0.13120507751234178,0.2,1.0,1.0,0.0,7.339482569644605,0.7387621366347162,0.05873607293395603
2837,popularity,0.0,0.0,0.0,0.0,0.0,6.615575519898556,0.44201698901485365,0.433040736278104
2845,popularity,0.0,0.0,0.0,0.0,0.0,6.933166374419381,0.6474282963215867,0.2117980773818213
2853,popularity,0.0,0.0,0.0,1.0,0.0,7.257470720428088,0.7281860823252431,0.022560648046631444
2858,popularity,0.0,0.0,0.0,1.0,0.0,6.636448491887596,0.4385828204965837,0.3618255160196584
2859,popularity,0.0,0.0,0.0,1.0,0.0,6.606075868504982,0.4452590204002842,0.24083103200801886
2870,popularity,0.0,0.0,0.0,1.0,0.0,6.9462917277979175,0.6920523617240621,0.17461769869541374
2878,popularity,0.0,0.0,0.0,0.5,0.0,6.606075868504982,0.4452590204002842,0.30684495308213605
2886,popularity,0.13565197343244778,0.3333333333333333,1.0,1.0,0.0,6.675837327894671,0.45935777463751437,0.3933172918186845
2888,popularity,0.0,0.0,0.0,0.6,0.0,6.737867798897992,0.5238185675322264,0.1757836921349071
2909,popularity,0.0,0.0,0.0,1.0,0.0,6.685388289022953,0.4858332343192504,0.3447190060491337
2925,popularity,0.0,0.0,0.0,1.0,0.0,6.936436610432376,0.6776435833819701,0.19297892894414415
2928,popularity,0.0,0.0,0.0,1.0,0.0,6.606075868504982,0.4452590204002842,0.2753899681919566
2940,popularity,0.0,0.0,0.0,0.0,0.0,6.665200197514629,0.4662315964171747,0.2949875274926
2951,popularity,0.0,0.0,0.0,0.0,0.0,7.497771631937797,0.7828623345304642,0.12789983610560926
2966,popularity,0.0,0.0,0.0,0.5,0.0,6.705511306456188,0.5962174783958651,0.1436820399723547
2971,popularity,0.0,0.0,0.0,1.0,0.0,7.060078178237461,0.6896219168937696,0.10371379690933134
2975,popularity,0.0,0.0,0.0,0.5,0.0,6.678423171652142,0.5625524989226258,0.17233837156625498
2988,popularity,0.19092086617893467,0.16666666666666666,1.0,0.5,0.0,6.606075868504982,0.4452590204002842,0.20277901945689072
3005,popularity,0.0,0.0,0.0,0.6666666666666666,0.0,6.625340376299221,0.435283306654661,0.3307259491194829
3023,popularity,0.2856436410275446,0.5,1.0,0.75,0.0,7.234392778278838,0.7214336628957081,0.19019464328432406
3025,popularity,0.0,0.0,0.0,1.0,0.0,6.606075868504982,0.4452590204002842,0.34386315891277586
3042,popularity,0.13886244387355456,0.07142857142857142,1.0,0.6428571428571429,0.0,7.1189780436834535,0.6612570307541734,0.26727212523283483
3074,popularity,0.0,0.0,0.0,0.5,0.0,6.804220595610403,0.5403745747108647,0.20511010043236255
3097,popularity,0.06794340091829076,0.1111111111111111,1.0,0.8888888888888888,0.0,6.617507337618534,0.44868449156582957,0.15298430116602318
3116,popularity,0.0,0.0,0.0,0.0,0.0,6.8584264006779545,0.6687890938701264,0.11386777748638276
3126,popularity,0.0,0.0,0.0,0.5,0.0,6.709890507853679,0.5383869116734057,0.19380513577294783
3129,popularity,0.0,0.0,0.0,0.0,0.0,6.606075868504982,0.4452590204002842,0.12900917050002175
3136,popularity,0.2920782154400332,0.6666666666666666,1.0,1.0,0.0,6.6659822105291315,0.48999443472763393,0.34272046426874825
3139,popularity,0.0,0.0,0.0,0.8333333333333334,0.0,6.687534002015314,0.4565468917265223,0.2750966531735137
3152,popularity,0.0,0.0,0.0,0.0,0.0,6.675837327894671,0.45935777463751437,0.4119758582827672
3157,popularity,0.0,0.0,0.0,0.0,0.0,6.695243406388494,0.45188900576462887,0.20472153132127988
3165,popularity,0.0,0.0,0.0,1.0,0.0,6.687534002015314,0.4565468917265223,0.12109718779226766
3168,popularity,0.0,0.0,0.0,0.0,0.0,7.269705427410789,0.7038979393916232,0.1857267941925363
3184,popularity,0.0,0.0,0.0,0.8,0.0,6.665200197514629,0.4662315964171747,0.22007563921763137
3193,popularity,0.0,0.0,0.0,0.6666666666666666,0.0,6.641356788415331,0.5043262745519508,0.06708882570680591
3207,popularity,0.0,0.0,0.0,1.0,0.0,6.615575519898556,0.44201698901485365,0.4566655905636041
3212,popularity,0.0,0.0,0.0,0.0,0.0,6.606075868504982,0.4452590204002842,0.34937992036049914
3213,popularity,0.0,0.0,0.0,1.0,0.0,6.665200197514629,0.4662315964171747,0.3534259283361169
3217,popularity,0.0,0.0,0.0,1.0,0.0,6.685602184295336,0.45327968537310626,0.3239403411488187
3233,popularity,0.0,0.0,0.0,0.0,0.0,6.640219309428867,0.5086606511687268,0.18733002775469493
3237,popularity,0.1480409554829326,0.3333333333333333,1.0,1.0,0.0,6.606075868504982,0.4452590204002842,0.18661624063668958
3300,popularity,0.0,0.0,0.0,0.3333333333333333,0.0,6.936436610432376,0.6776435833819701,0.23963545759728344
3301,popularity,0.0,0.0,0.0,1.0,0.0,6.675837327894671,0.45935777463751437,0.3931497522071713
3308,popularity,0.0,0.0,0.0,0.0,0.0,6.606075868504982,0.4452590204002842,0.21430988376708093
3310,popularity,0.17723928678404774,0.5,1.0,0.5,0.0,7.203731522097435,0.6977899826484798,0.22849835378203226
3320,popularity,0.0,0.0,0.0,1.0,0.0,6.657640707283134,0.5077281113547085,0.14205208195149666
3325,popularity,0.0,0.0,0.0,0.0,0.0,7.019129071709509,0.668284694210932,0.46982651722160573
3326,popularity,0.2200917662980802,0.07142857142857142,1.0,0.5714285714285714,0.0,6.606075868504982,0.4452590204002842,0.31638957037464793
3335,popularity,0.0,0.0,0.0,0.6666666666666666,0.0,6.7159748076779495,0.44662136127725727,0.29755430033408664
3338,popularity,0.0,0.0,0.0,0.75,0.0,6.697175224108472,0.45280955265391576,0.2274698907259364
3369,popularity,0.0,0.0,0.0,0.3333333333333333,0.0,7.159292339296887,0.7106352764080952,0.18883020320966074
3380,popularity,0.0,0.0,0.0,0.0,0.0,6.606075868504982,0.4452590204002842,0.20513424906020764
3401,popularity,0.0,0.0,0.0,0.5,0.0,6.65534508014909,0.49974442587774714,0.09932062385994508
3402,popularity,0.0,0.0,0.0,0.75,0.0,6.606075868504982,0.4452590204002842,0.25640802287030295
3412,popularity,0.38685280723454163,1.0,1.0,1.0,0.0,7.448507349260863,0.7594879974415787,0.09454238396844997
3420,popularity,0.0,0.0,0.0,1.0,0.0,6.628144467998576,0.4436420248597617,0.41867164643237215
3422,popularity,0.34304271142002485,0.25,1.0,0.625,0.0,7.007085988371115,0.6854406789707064,0.20388316796689035
3424,popularity,0.0,0.0,0.0,0.0,0.0,6.606075868504982,0.4452590204002842,0.24844792651746012
3450,popularity,0.19342640361727081,0.5,1.0,1.0,0.0,7.3015555181573735,0.7365230651747243,0.07640743751315197
3486,popularity,0.13565197343244778,0.3333333333333333,1.0,0.6666666666666666,0.0,6.665200197514629,0.4662315964171747,0.3590212972501553
3495,popularity,0.07336392209936006,0.037037037037037035,1.0,0.5555555555555556,0.0,6.640219309428867,0.5086606511687268,0.1749541362898813
3508,popularity,0.0,0.0,0.0,0.4,0.0,7.320658441556795,0.7394333093000964,0.17647712143901473
3525,popularity,0.0,0.0,0.0,0.0,0.0,6.962455455593433,0.6755017190771551,0.2852609988158085
3527,popularity,0.0,0.0,0.0,0.42857142857142855,0.0,6.606075868504982,0.4452590204002842,0.2799489338699876
3532,popularity,0.0,0.0,0.0,1.0,0.0,6.799631466712221,0.5432225720513115,0.19654715759748143
3596,popularity,0.0,0.0,0.0,0.3333333333333333,0.0,6.606075868504982,0.4452590204002842,0.11955097651913256
3598,popularity,0.09109240322345806,0.16666666666666666,1.0,1.0,0.0,6.725616029771106,0.44085017922791825,0.3468202696226608
3615,popularity,0.0,0.0,0.0,0.0,0.0,6.972772536512534,0.6857651137018612,0.20087655726433304
3620,popularity,0.0,0.0,0.0,0.6666666666666666,0.0,7.0519647354736765,0.6915522024559972,0.09559828577294736
3624,popularity,0.0,0.0,0.0,0.3333333333333333,0.0,6.707519864611774,0.5643249620476314,0.09101614762584574
3628,popularity,0.0,0.0,0.0,0.0,0.0,6.903225539823619,0.623409574031003,0.09673855025538053
3638,popularity,0.1588714315372696,0.2222222222222222,1.0,0.6666666666666666,0.0,7.048491638691854,0.6445540377291397,0.22280333290022344
3666,popularity,0.2640681225725909,0.5,1.0,0.5,0.0,6.6659822105291315,0.48999443472763393,0.3547361589479773
3672,popularity,0.0,0.0,0.0,1.0,0.0,6.675837327894671,0.45935777463751437,0.27595695388305436
3679,popularity,0.0,0.0,0.0,0.0,0.0,6.724971488844588,0.43898593275580977,0.26306674164138655
3682,popularity,0.3052348839397012,0.125,1.0,0.25,0.0,6.9783602991078535,0.6588805682273001,0.32760976995677604
3705,popularity,0.0,0.0,0.0,0.0,0.0,7.227205398906891,0.7268319992704217,0.25642971465147535
3711,popularity,0.0,0.0,0.0,1.0,0.0,7.292509855104322,0.7111475875583444,0.16855118617732018
3726,popularity,0.0,0.0,0.0,0.3333333333333333,0.0,6.606075868504982,0.4452590204002842,0.1966380874293581
3730,popularity,0.0,0.0,0.0,0.5,0.0,7.08481835250047,0.6715186925103269,0.19754657387693483
3738,popularity,0.0,0.0,0.0,0.25,0.0,6.606075868504982,0.4452590204002842,0.3333584796717008
3749,popularity,0.0,0.0,0.0,0.4,0.0,6.606075868504982,0.4452590204002842,0.061935433942275325
3766,popularity,0.2200917662980802,0.0625,1.0,0.875,0.0,6.615575519898556,0.44201698901485365,0.3236378233535279
3774,popularity,0.0,0.0,0.0,1.0,0.0,7.047569877372145,0.6618275532372331,0.2993206509369319
3775,popularity,0.0,0.0,0.0,0.0,0.0,7.4280552919012965,0.7635308485345126,0.21260294570775634
3779,popularity,0.0,0.0,0.0,0.0,0.0,6.606075868504982,0.4452590204002842,0.15698098385518902
3783,popularity,0.0,0.0,0.0,0.6666666666666666,0.0,6.665200197514629,0.4662315964171747,0.25732903741562274
3807,popularity,0.0,0.0,0.0,0.6666666666666666,0.0,6.665200197514629,0.4662315964171747,0.3153951923651163
3811,popularity,0.0,0.0,0.0,0.5714285714285714,0.0,6.606075868504982,0.4452590204002842,0.2904522454970706
3815,popularity,0.0,0.0,0.0,0.0,0.0,6.606075868504982,0.4452590204002842,0.33343484369504545
3839,popularity,0.0,0.0,0.0,0.0,0.0,6.606075868504982,0.4452590204002842,0.2513452151306481
3849,popularity,0.5585075862632192,0.5,1.0,0.75,0.0,7.026373551857927,0.6430199798802279,0.1444070878046873
3855,popularity,0.0,0.0,0.0,1.0,0.0,6.606075868504982,0.4452590204002842,0.2995886319246559
3891,popularity,0.0,0.0,0.0,0.0,0.0,6.685602184295336,0.45327968537310626,0.3564221504756947
3904,popularity,0.0,0.0,0.0,0.5,0.0,6.787528467337273,0.6104213295412305,0.2878334591553326
3929,popularity,0.0,0.0,0.0,0.0,0.0,6.615575519898556,0.44201698901485365,0.2813571906636797
3936,popularity,0.0,0.0,0.0,0.6666666666666666,0.0,6.606075868504982,0.4452590204002842,0.07521055539617531
3956,popularity,0.0,0.0,0.0,0.0,0.0,6.936436610432376,0.6776435833819701,0.34168451410430317
3961,popularity,0.18457569677956817,0.5,1.0,0.5,0.0,6.606075868504982,0.4452590204002842,0.32754315688330427
3962,popularity,0.8475028682434304,0.7777777777777778,1.0,0.7777777777777778,0.0,6.665200197514629,0.4662315964171747,0.17591292903663386
3973,popularity,0.0,0.0,0.0,0.42857142857142855,0.0,6.606075868504982,0.4452590204002842,0.4377244056885913
3989,popularity,0.0,0.0,0.0,0.0,0.0,7.226542006581025,0.703102955744774,0.07855122742152722
4014,popularity,0.0,0.0,0.0,0.6,0.0,7.540485596716581,0.7947192452617122,0.11084607631795437
4015,popularity,0.0,0.0,0.0,0.75,0.0,7.074984384795043,0.6783628567699812,0.2474784264019563
4024,popularity,0.0,0.0,0.0,0.0,0.0,6.606075868504982,0.4452590204002842,0.17766415456480436
4038,popularity,0.3903800499921017,0.25,1.0,1.0,0.0,7.16409186608869,0.6756304163071503,0.13991942387554387
4046,popularity,0.0,0.0,0.0,0.8333333333333334,0.0,6.687534002015314,0.4565468917265223,0.29722004576252253
4054,popularity,0.0,0.0,0.0,0.6,0.0,6.606075868504982,0.4452590204002842,0.24609770090017902
4055,popularity,0.0,0.0,0.0,0.5,0.0,6.70048111742498,0.5247826989930442,0.3859671556269421
4063,popularity,0.0,0.0,0.0,0.5,0.0,6.606075868504982,0.4452590204002842,0.24212208524347847
4066,popularity,0.0,0.0,0.0,0.8333333333333334,0.0,6.606075868504982,0.4452590204002842,0.2818881676891822
4074,popularity,0.0,0.0,0.0,1.0,0.0,7.4394620990372875,0.7550972436604076,0.07445544085952321
4148,popularity,0.0,0.0,0.0,0.6,0.0,7.028748551620031,0.697147150378735,0.19502443570982883
4165,popularity,0.0,0.0,0.0,0.42857142857142855,0.0,6.7999301506058405,0.652265651789078,0.1715151076365088
4178,popularity,0.0,0.0,0.0,1.0,0.0,6.606075868504982,0.4452590204002842,0.07877589770552673
4200,popularity,0.0,0.0,0.0,0.6,0.0,6.7899144680606085,0.5234834544853589,0.3332361106087969
4205,popularity,0.16812753627111746,0.25,1.0,1.0,0.0,7.186337639968,0.6707972605933183,0.275500801518588
4214,popularity,0.0,0.0,0.0,1.0,0.0,7.238386234280523,0.6795901865559478,0.2251623817313263
4221,popularity,0.0,0.0,0.0,0.0,0.0,6.857065407554947,0.6444835645825242,0.2060540929245085
4226,popularity,0.0,0.0,0.0,0.5,0.0,6.615575519898556,0.44201698901485365,0.3549509733555164
4233,popularity,0.0,0.0,0.0,1.0,0.0,7.119474126149635,0.6931930241229767,0.08086915047184291
4257,popularity,0.0,0.0,0.0,0.25,0.0,7.182872216767928,0.6846907187118143,0.13063449032571312
4276,popularity,0.0,0.0,0.0,0.0,0.0,6.606075868504982,0.4452590204002842,0.34280439656721573
4278,popularity,0.0,0.0,0.0,0.3333333333333333,0.0,6.95132760926784,0.6684701159596307,0.18650902454287555
4285,popularity,0.0,0.0,0.0,0.0,0.0,7.040078459430506,0.688091522085214,0.17936769404223854
4289,popularity,0.0,0.0,0.0,0.75,0.0,6.606075868504982,0.4452590204002842,0.18386531353201438
4295,popularity,0.06362078819895173,0.05555555555555555,1.0,0.5555555555555556,0.0,6.736084717285253,0.5212419197337184,0.24889685374896459
4298,popularity,0.0,0.0,0.0,0.5,0.0,6.606075868504982,0.4452590204002842,0.2353019859941125
4300,popularity,0.0,0.0,0.0,0.7142857142857143,0.0,6.615575519898556,0.44201698901485365,0.45977984982750975
4308,popularity,0.2529427027676571,0.125,1.0,1.0,0.0,6.606075868504982,0.4452590204002842,0.25291788295455936
4310,popularity,0.0,0.0,0.0,1.0,0.0,6.606075868504982,0.4452590204002842,0.1196069988128993
4315,popularity,0.0,0.0,0.0,1.0,0.0,6.715851173370441,0.4469952897658247,0.5364143441858354
4367,popularity,0.0,0.0,0.0,0.6666666666666666,0.0,7.239058055101333,0.7270857545800176,0.05914188632743178
4371,popularity,0.6131471927654584,0.5,1.0,0.5,0.0,7.192029458441885,0.7134081225891091,0.17152356823019302
4384,popularity,0.0,0.0,0.0,0.8333333333333334,0.0,6.640219309428867,0.5086606511687268,0.14972687665189538
4392,popularity,0.0,0.0,0.0,1.0,0.0,6.606075868504982,0.4452590204002842,0.2437960179192544
4404,popularity,0.8006937664098821,0.4666666666666667,1.0,0.8,0.0,6.687534002015314,0.4565468917265223,0.1254688783399688
4408,popularity,0.0,0.0,0.0,0.5,0.0,7.449206164622924,0.7720834277102322,0.1406919333181135
4415,popularity,0.0,0.0,0.0,0.6666666666666666,0.0,6.606075868504982,0.4452590204002842,0.4064662882858975
4424,popularity,0.0,0.0,0.0,0.5714285714285714,0.0,7.052388632345432,0.6954382830217325,0.10610779476292077
4441,popularity,0.0,0.0,0.0,0.5,0.0,6.615575519898556,0.44201698901485365,0.2869688352659412
4442,popularity,0.0,0.0,0.0,0.75,0.0,6.936436610432376,0.6776435833819701,0.40092582935029375
4448,popularity,0.0,0.0,0.0,0.0,0.0,6.606075868504982,0.4452590204002842,0.2810883144015732
4460,popularity,0.0,0.0,0.0,0.0,0.0,6.606075868504982,0.4452590204002842,0.4380422208357813
4464,popularity,0.0,0.0,0.0,0.0,0.0,6.617507337618534,0.44868449156582957,0.28293611958464027
4465,popularity,0.0,0.0,0.0,0.3333333333333333,0.0,6.606075868504982,0.4452590204002842,0.2470756407282444
4471,popularity,0.0,0.0,0.0,1.0,0.0,6.615575519898556,0.44201698901485365,0.3379465762788919
4474,popularity,0.0,0.0,0.0,1.0,0.0,6.7066748755020456,0.4523598048248604,0.48304478259062295
4500,popularity,0.0,0.0,0.0,0.5,0.0,6.615575519898556,0.44201698901485365,0.4524768901253556
4545,popularity,0.0,0.0,0.0,1.0,0.0,6.677769145614649,0.4676559114125779,0.2350594084797438
4551,popularity,0.0,0.0,0.0,0.75,0.0,7.132764482552825,0.6815443992284584,0.20169650974071818
4558,popularity,0.0,0.0,0.0,1.0,0.0,6.766922174709232,0.5852951132372779,0.17523147072596915
4565,popularity,0.0,0.0,0.0,0.0,0.0,6.665200197514629,0.4662315964171747,0.3060971138419999
4568,popularity,0.0,0.0,0.0,1.0,0.0,7.303820611853981,0.7466386971787677,0.24835939142159644
4576,popularity,0.0,0.0,0.0,0.0,0.0,6.606075868504982,0.4452590204002842,0.34280439656721573
4602,popularity,0.0,0.0,0.0,0.0,0.0,7.0322264806349235,0.6560995698730483,0.33501228620301726
4649,popularity,0.20453430723937174,0.3333333333333333,1.0,1.0,0.0,7.177614693180101,0.7224583909822448,0.09784863884226534
4653,popularity,0.0,0.0,0.0,0.6666666666666666,0.0,7.192833544936667,0.7040892926997353,0.13024087121177064
4666,popularity,0.0,0.0,0.0,1.0,0.0,6.665200197514629,0.4662315964171747,0.32386497243985907
4684,popularity,0.0,0.0,0.0,0.0,0.0,7.319643588618986,0.7238819108451504,0.2551532326281307
4689,popularity,0.0,0.0,0.0,0.0,0.0,6.606075868504982,0.4452590204002842,0.188292262187682
4709,popularity,0.15958907712489637,0.125,1.0,0.75,0.0,6.61504413990891,0.5036676982864774,0.3241517517413834
4717,popularity,0.0,0.0,0.0,0.0,0.0,6.881729439120674,0.6468272981256078,0.26486027247190497
4729,popularity,0.0,0.0,0.0,0.5,0.0,6.606075868504982,0.4452590204002842,0.14280719104056666
4730,popularity,0.0,0.0,0.0,1.0,0.0,7.105407481420019,0.6975512422866317,0.06697459098288637
4735,popularity,0.0,0.0,0.0,0.3333333333333333,0.0,6.606075868504982,0.4452590204002842,0.22676571991972333
4736,popularity,0.0,0.0,0.0,0.8,0.0,6.606075868504982,0.4452590204002842,0.19724991003531095
4777,popularity,0.0,0.0,0.0,0.0,0.0,7.112668526019637,0.7116460470725493,0.07189751747961805
4780,popularity,0.0,0.0,0.0,0.3333333333333333,0.0,6.606075868504982,0.4452590204002842,0.27825802564513147
4784,popularity,0.0,0.0,0.0,1.0,0.0,6.6272721940191985,0.4369198787839893,0.2516815748143947
4789,popularity,0.0,0.0,0.0,0.0,0.0,7.050560181943295,0.6449164411763304,0.34318295992208736
4797,popularity,0.0,0.0,0.0,1.0,0.0,6.615575519898556,0.44201698901485365,0.26661672114987556
4803,popularity,0.0,0.0,0.0,1.0,0.0,6.606075868504982,0.4452590204002842,0.14033248854413258
4818,popularity,0.0,0.0,0.0,0.3333333333333333,0.0,6.70048111742498,0.5247826989930442,0.2630405313708902
4824,popularity,0.0,0.0,0.0,0.5,0.0,6.606075868504982,0.4452590204002842,0.22134089534624157
4837,popularity,0.0,0.0,0.0,0.5,0.0,6.616712998885022,0.43957033921460875,0.3933103452647533
4840,popularity,0.40585407977401533,0.375,1.0,0.625,0.0,7.353285672794082,0.7532852016237558,0.09915333597746984
4853,popularity,0.0,0.0,0.0,1.0,0.0,6.615575519898556,0.44201698901485365,0.359627760707126
4877,popularity,0.0,0.0,0.0,0.5,0.0,6.739873071678725,0.44439240401356717,0.4389820547197219
4885,popularity,0.0,0.0,0.0,1.0,0.0,6.606075868504982,0.4452590204002842,0.2965750274254016
4886,popularity,0.0,0.0,0.0,0.7142857142857143,0.0,6.675837327894671,0.45935777463751437,0.21183716600964553
4925,popularity,0.0,0.0,0.0,1.0,0.0,6.665200197514629,0.4662315964171747,0.24331286659112866
4927,popularity,0.23463936301137822,0.3333333333333333,1.0,0.6666666666666666,0.0,6.902279574278838,0.6680001963775344,0.12761986460192187
4929,popularity,0.0,0.0,0.0,0.3333333333333333,0.0,6.606075868504982,0.4452590204002842,0.12236038729648765
4930,popularity,0.0,0.0,0.0,0.6666666666666666,0.0,6.615575519898556,0.44201698901485365,0.2498465430864828
4931,popularity,0.0,0.0,0.0,0.8,0.0,6.606075868504982,0.4452590204002842,0.30684495308213605
4937,popularity,0.43067655807339306,1.0,1.0,1.0,0.0,7.063075952049173,0.6885440085039427,0.1390228771077622
4946,popularity,0.0,0.0,0.0,0.0,0.0,7.028748551620031,0.697147150378735,0.3017793177940923
4965,popularity,0.0,0.0,0.0,0.0,0.0,7.041932804529097,0.629826072166295,0.11612866347695219
4968,popularity,0.09478836436955079,0.09090909090909091,1.0,0.7272727272727273,0.0,6.995794318826332,0.6917054950706263,0.10996491883847224
4975,popularity,0.6502795884614369,0.75,1.0,0.875,0.0,6.606075868504982,0.4452590204002842,0.17495063077250653
4979,popularity,0.0,0.0,0.0,0.3333333333333333,0.0,7.009329227868257,0.6598290789973845,0.34842636456354714
4980,popularity,0.0,0.0,0.0,0.5,0.0,6.760436143324833,0.6071938691882529,0.1860171114707114
4986,popularity,0.38685280723454163,0.5,1.0,1.0,0.0,6.989134951858316,0.6820388075203223,0.2391490093707125
5029,popularity,0.0,0.0,0.0,0.0,0.0,6.675978898594252,0.46175866296925505,0.2961594089382527
5035,popularity,0.0,0.0,0.0,1.0,0.0,6.606075868504982,0.4452590204002842,0.1877144298498215
5043,popularity,0.0,0.0,0.0,0.0,0.0,6.6659822105291315,0.48999443472763393,0.2439028551078545
5051,popularity,0.0,0.0,0.0,0.0,0.0,6.606075868504982,0.4452590204002842,0.10374135674577667
5070,popularity,0.0,0.0,0.0,0.5,0.0,6.606075868504982,0.4452590204002842,0.19661302560353278
5073,popularity,0.0,0.0,0.0,0.5,0.0,6.6272721940191985,0.4369198787839893,0.2834698737663954
5082,popularity,0.23463936301137822,0.3333333333333333,1.0,0.6666666666666666,0.0,6.9598593662097175,0.6774422668367542,0.12004634898416941
5113,popularity,0.0,0.0,0.0,0.5,0.0,7.463712752658968,0.758316832240078,0.19561964491121345
5114,popularity,0.0,0.0,0.0,0.5555555555555556,0.0,6.851219310810801,0.6220899488308878,0.15443576292378752
5121,popularity,0.0,0.0,0.0,0.0,0.0,7.252330982577256,0.6677950740397258,0.09189734460857424
5122,popularity,0.0,0.0,0.0,1.0,0.0,6.617507337618534,0.44868449156582957,0.38343517835415336
5142,popularity,0.0,0.0,0.0,1.0,0.0,6.899601692232385,0.6490345881849298,0.1425146892492354
5150,popularity,0.0,0.0,0.0,0.25,0.0,6.615575519898556,0.44201698901485365,0.3770684556005374
5156,popularity,0.0,0.0,0.0,0.6666666666666666,0.0,6.686396523028847,0.4599817673193719,0.22489486214108145
5179,popularity,0.35895421017163476,0.2,1.0,0.8,0.0,7.301650357958292,0.7343376343243978,0.07728423790906767
5180,popularity,0.0,0.0,0.0,0.1111111111111111,0.0,6.963485961242407,0.6606719210013694,0.07285634923971859
5193,popularity,0.0,0.0,0.0,0.5,0.0,6.665200197514629,0.4662315964171747,0.3314330608443352
5198,popularity,0.0,0.0,0.0,1.0,0.0,6.883996556165949,0.6643208237862752,0.15192264912840672
5200,popularity,0.0,0.0,0.0,0.0,0.0,6.606075868504982,0.4452590204002842,0.04037267919324148
5201,popularity,0.0,0.0,0.0,0.0,0.0,6.615575519898556,0.44201698901485365,0.33691818584371735
5217,popularity,0.07839826897867534,0.08333333333333333,1.0,0.5833333333333334,0.0,6.867571156781959,0.6455474459249757,0.14124485457690683
5253,popularity,0.0,0.0,0.0,0.0,0.0,7.074984384795043,0.6783628567699812,0.308444429298331
5286,popularity,0.0,0.0,0.0,0.3333333333333333,0.0,6.606075868504982,0.4452590204002842,0.11815536382884843
5341,popularity,0.0,0.0,0.0,0.0,0.0,7.1095197791758595,0.6786013523193192,0.22050930693079135
5365,popularity,0.0,0.0,0.0,0.25,0.0,6.665200197514629,0.4662315964171747,0.32109963402011843
5366,popularity,0.0,0.0,0.0,1.0,0.0,7.025359707178969,0.6510578905184108,0.33536577327632794
5372,popularity,0.13886244387355456,0.05263157894736842,1.0,0.631578947368421,0.0,6.615575519898556,0.44201698901485365,0.40666265039213906
5402,popularity,0.0,0.0,0.0,0.4,0.0,6.606075868504982,0.4452590204002842,0.27916154430416107
5412,popularity,0.11284514134893527,0.25,1.0,1.0,0.0,6.685478549987829,0.45762389243535007,0.24278232079224635
5422,popularity,0.3010299956639812,1.0,1.0,1.0,0.0,6.606075868504982,0.4452590204002842,0.23136755328791025
5449,popularity,0.0,0.0,0.0,0.3333333333333333,0.0,6.665200197514629,0.4662315964171747,0.2658425312910373
5462,popularity,0.0,0.0,0.0,0.5,0.0,6.677769145614649,0.4676559114125779,0.17717687563841064
5481,popularity,0.0,0.0,0.0,0.46511627906976744,0.0,6.615575519898556,0.44201698901485365,0.3340917097744313
5503,popularity,0.0,0.0,0.0,0.8,0.0,6.615575519898556,0.44201698901485365,0.24345511541441534
5522,popularity,0.0,0.0,0.0,1.0,0.0,6.760700764789829,0.5626438728501177,0.11053256896043125
5534,popularity,0.0,0.0,0.0,0.3333333333333333,0.0,6.675837327894671,0.45935777463751437,0.2228134496769724
5536,popularity,0.18953836965473142,0.2857142857142857,1.0,1.0,0.0,6.65534508014909,0.49974442587774714,0.0684755089337879
5538,popularity,0.0,0.0,0.0,0.5,0.0,6.697175224108472,0.45280955265391576,0.3022887771420055
5547,popularity,0.0,0.0,0.0,0.0,0.0,6.994164889325221,0.6789499151669657,0.05911793180870255
5548,popularity,0.0,0.0,0.0,0.6666666666666666,0.0,6.866926615855441,0.6506361693011837,0.06198453648372758
5569,popularity,0.0,0.0,0.0,1.0,0.0,6.606075868504982,0.4452590204002842,0.28011522475827827
5583,popularity,0.0,0.0,0.0,1.0,0.0,6.606075868504982,0.4452590204002842,0.2650325235354739
5630,popularity,0.0,0.0,0.0,0.0,0.0,6.628144467998576,0.4436420248597617,0.4040890931852708
5648,popularity,0.0,0.0,0.0,1.0,0.0,6.685602184295336,0.45327968537310626,0.25395164440505563
5684,popularity,0.0,0.0,0.0,0.5,0.0,6.729083786600429,0.4590448015472486,0.31360639350789443
5687,popularity,0.0,0.0,0.0,1.0,0.0,6.675837327894671,0.45935777463751437,0.3763657257842913
5694,popularity,0.0,0.0,0.0,0.0,0.0,6.606075868504982,0.4452590204002842,0.2775178282658918
5697,popularity,0.0,0.0,0.0,0.75,0.0,6.606075868504982,0.4452590204002842,0.07088033690578861
5706,popularity,0.0,0.0,0.0,0.75,0.0,6.617507337618534,0.44868449156582957,0.2419890553884328
5766,popularity,0.11751610475642714,0.25,1.0,0.75,0.0,6.7781137211826135,0.44557007754100353,0.46970832780665667
5786,popularity,0.0,0.0,0.0,0.4,0.0,6.606075868504982,0.4452590204002842,0.14275456313317464
5792,popularity,0.0,0.0,0.0,1.0,0.0,6.606075868504982,0.4452590204002842,0.32907872900015495
5805,popularity,0.06625422345438904,0.05263157894736842,1.0,0.5263157894736842,0.0,6.671725301679269,0.5581258247129679,0.13114858611674862
5817,popularity,0.0,0.0,0.0,0.3870967741935484,0.0,7.017197253989531,0.647415455954189,0.4017191734601157
5820,popularity,0.0,0.0,0.0,0.0,0.0,6.606075868504982,0.4452590204002842,0.15337577196103586
5838,popularity,0.13565197343244778,0.3333333333333333,1.0,1.0,0.0,6.697175224108472,0.45280955265391576,0.37110593134528164
5862,popularity,0.06943122193677728,0.08333333333333333,1.0,0.6666666666666666,0.0,7.028748551620031,0.697147150378735,0.14856532291405317
5884,popularity,0.0,0.0,0.0,0.0,0.0,6.606075868504982,0.4452590204002842,0.3396450229856576
5885,popularity,0.0,0.0,0.0,0.7777777777777778,0.0,6.606075868504982,0.4452590204002842,0.2506108899216875
5917,popularity,0.0,0.0,0.0,0.4444444444444444,0.0,6.606075868504982,0.4452590204002842,0.27361584020425933
5920,popularity,0.0,0.0,0.0,0.0,0.0,7.013491998866461,0.6519848444360977,0.3042994706321387
5924,popularity,0.0,0.0,0.0,0.6666666666666666,0.0,6.703405859577932,0.4468102238405074,0.23185933204013826
7821,popularity,0.0,0.0,0.0,0.5714285714285714,0.0,7.266446313850307,0.724302784956834,0.31011948268501077
18,item_cosine,0.0,0.0,0.0,0.0,0.0,7.103802145866579,0.6525537084017896,0.15449317332962387
31,item_cosine,0.0,0.0,0.0,0.25,0.1,7.456731365332674,0.7194450861823307,0.09921041985852713
36,item_cosine,0.0,0.0,0.0,0.6,0.0,6.72037838342428,0.5283027381695657,0.07604997491769297
43,item_cosine,0.0,0.0,0.0,1.0,0.0,6.776388565662145,0.5274436996791259,0.22161931902765705
54,item_cosine,0.2890648263178879,1.0,1.0,1.0,0.0,7.046173400475604,0.6173501875762778,0.1725184725295436
55,item_cosine,0.7280855459907166,0.5,1.0,0.8571428571428571,0.0,7.195126630511025,0.6765692056281528,0.10137063815914367
79,item_cosine,0.0,0.0,0.0,1.0,0.0,6.826778969172059,0.5237392033593952,0.2841477009746206
89,item_cosine,0.0,0.0,0.0,0.0,0.0,7.327958542791142,0.7123710372369506,0.07507387306907459
90,item_cosine,0.0,0.0,0.0,0.5,0.0,7.106278825267613,0.6504855561883809,0.10823585500305097
104,item_cosine,0.0,0.0,0.0,0.5,0.0,6.857830203635888,0.5247983367858498,0.257670637376601
133,item_cosine,0.0,0.0,0.0,1.0,0.0,6.9782676147985185,0.6405565197432087,0.08404745530501752
151,item_cosine,0.0,0.0,0.0,0.5,0.0,7.062084966325453,0.6363896540544105,0.11223226630034237
182,item_cosine,0.0,0.0,0.0,0.6,0.0,7.213903939485438,0.7191016928323267,0.2481379685955643
205,item_cosine,0.0,0.0,0.0,1.0,0.0,7.180317655236449,0.6695319610262176,0.07925096152737543
222,item_cosine,0.0,0.0,0.0,0.0,0.0,6.820893684685251,0.5860262290131555,0.21845724182229445
242,item_cosine,0.0,0.0,0.0,0.0,0.0,6.724943384826007,0.5456171761086489,0.1601681260274526
246,item_cosine,0.0,0.0,0.0,0.5,0.0,6.960634595074884,0.6290862011323453,0.07986053491175917
258,item_cosine,0.16045757497326923,0.25,1.0,1.0,0.0,6.987259544409191,0.6146364255193775,0.45621055658140913
279,item_cosine,0.0,0.0,0.0,1.0,0.4,8.256853431402037,0.6891824578508572,0.06288818105746663
293,item_cosine,0.0,0.0,0.0,0.5,0.0,7.1597256509102305,0.7258632841721322,0.133927966155435
314,item_cosine,0.0,0.0,0.0,1.0,0.0,6.869787653898625,0.5865976462113519,0.24391143701087553
322,item_cosine,0.0,0.0,0.0,0.0,0.1,7.2146437199805264,0.6130447119310481,0.26201189186716495
335,item_cosine,0.0,0.0,0.0,0.5,0.0,6.814771822539133,0.6051368643441836,0.14198766602317597
339,item_cosine,0.0,0.0,0.0,1.0,0.0,7.190636305234291,0.6693788131031749,0.09741686525334267
345,item_cosine,0.2090493674905264,0.15789473684210525,1.0,0.8421052631578947,0.0,6.748668895571167,0.5543126429005599,0.26947608611691276
383,item_cosine,0.0,0.0,0.0,0.5,0.0,7.1326088407438935,0.7083601214169057,0.10784853631213269
385,item_cosine,1.0,1.0,1.0,1.0,0.0,7.126424951653061,0.6998532294317548,0.15853079640056056
392,item_cosine,0.0,0.0,0.0,0.5,0.0,6.875652869004439,0.5802385486943238,0.11711463455260723
394,item_cosine,0.0,0.0,0.0,0.5,0.0,6.985900034107905,0.6561517426105095,0.10625537850440796
396,item_cosine,0.0,0.0,0.0,0.0,0.0,6.884580630037595,0.6389126669088933,0.26387371418572053
401,item_cosine,0.4740920705369815,0.7142857142857143,1.0,0.7142857142857143,0.0,6.718078229833809,0.5058799573511179,0.17326497264729104
404,item_cosine,0.15101961822780524,0.25,1.0,1.0,0.0,7.232864434072788,0.6651282075940008,0.06198086777933956
407,item_cosine,0.0,0.0,0.0,1.0,0.0,6.937481388929631,0.6565035205254262,0.18058142991628237
427,item_cosine,0.0,0.0,0.0,1.0,0.0,6.849025781134633,0.6144633542805944,0.3202518750571283
428,item_cosine,0.0,0.0,0.0,0.0,0.1,7.779075082528038,0.7605688189472273,0.15349047962007042
448,item_cosine,0.0,0.0,0.0,0.75,0.0,7.062962100834861,0.6454031254786963,0.09386798851241888
488,item_cosine,0.0,0.0,0.0,0.6666666666666666,0.0,7.384001357994277,0.7296045082580265,0.079853380172412
508,item_cosine,0.0,0.0,0.0,0.5,0.0,6.69585186368481,0.4868546866281398,0.1759583069990358
510,item_cosine,0.0,0.0,0.0,0.8,0.0,7.285063701252649,0.6781669702164547,0.04060154727368885
515,item_cosine,0.0,0.0,0.0,1.0,0.0,7.349058092474474,0.662706885450677,0.02556563253082965
525,item_cosine,0.0,0.0,0.0,0.16666666666666666,0.0,6.66598221052913,0.4899944347276337,0.20453953990588894
555,item_cosine,0.0,0.0,0.0,0.0,0.0,6.962387673087228,0.5124509076520676,0.16798215315536147
558,item_cosine,0.0,0.0,0.0,0.5,0.0,6.979599382227391,0.6874771053039572,0.11933511716681501
559,item_cosine,0.10633668103022985,0.14285714285714285,1.0,0.5714285714285714,0.0,7.639093112184928,0.7135701872217517,0.12159546790574947
562,item_cosine,0.0,0.0,0.0,1.0,0.0,7.244235245247303,0.6809431164455475,0.10515079488013636
566,item_cosine,0.0,0.0,0.0,1.0,0.0,7.439809666487835,0.7365396551131137,0.16702067771686066
575,item_cosine,0.21538297927698713,0.23076923076923078,1.0,0.8461538461538461,0.0,6.770633525236131,0.6090198617057412,0.08712399268889133
595,item_cosine,0.0,0.0,0.0,0.5,0.0,6.943884523848309,0.6250536122949031,0.146841974626088
610,item_cosine,0.0,0.0,0.0,1.0,0.0,7.559367424831413,0.7689046460075974,0.06492437770084913
632,item_cosine,0.0,0.0,0.0,0.0,0.0,7.121596417408568,0.6729243931484709,0.07152517218959226
635,item_cosine,0.0,0.0,0.0,1.0,0.0,6.816489270375557,0.5364749943238938,0.26152839678221307
637,item_cosine,0.0,0.0,0.0,0.6,0.0,6.794648479755374,0.533075449455203,0.4131676013473542
646,item_cosine,0.0,0.0,0.0,1.0,0.8,9.766821758610645,0.6408224317996704,0.06206826570852046
656,item_cosine,0.0,0.0,0.0,0.6,0.0,6.763447999668463,0.5609781565434568,0.2826112969595203
662,item_cosine,0.0,0.0,0.0,0.8,0.0,6.756354086119241,0.5194189495248778,0.26926967754451553
665,item_cosine,0.0,0.0,0.0,0.5,0.0,7.173351621538383,0.6557774432451166,0.11402731602349964
676,item_cosine,0.0,0.0,0.0,0.0,0.0,7.121367752741898,0.6580478861178519,0.08607317151574932
701,item_cosine,0.0,0.0,0.0,0.75,0.6,9.116400139411976,0.8140688779249525,0.11910419464420978
709,item_cosine,0.0,0.0,0.0,0.5,0.0,6.743813315732455,0.5184043928355595,0.25758838298473874
740,item_cosine,0.0,0.0,0.0,0.3333333333333333,0.0,7.378427686829331,0.7206052452901417,0.23958108371516057
745,item_cosine,0.0,0.0,0.0,1.0,0.0,7.256921241560112,0.700149644717921,0.08601182771483679
759,item_cosine,0.0,0.0,0.0,1.0,0.0,7.443660874788835,0.7432438123165974,0.08022551586787786
773,item_cosine,0.0,0.0,0.0,0.5,0.0,7.046530333221417,0.6612637064131096,0.07056395339389591
795,item_cosine,0.0,0.0,0.0,0.0,0.0,7.440677768912482,0.7518764863404902,0.028751377444516824
812,item_cosine,0.0,0.0,0.0,0.0,0.0,7.398506521838814,0.7450321531049452,0.0723757844137
820,item_cosine,0.46927872602275644,0.3333333333333333,1.0,1.0,0.0,6.880128860400606,0.6510595576077381,0.039589764852953645
828,item_cosine,0.0,0.0,0.0,0.5,0.0,6.996691871264306,0.5810010750188666,0.20776114025486025
829,item_cosine,0.12647135138382856,0.125,1.0,0.5,0.0,6.756464682403703,0.5688494125405372,0.2205515776098984
840,item_cosine,0.0,0.0,0.0,0.0,0.2,7.2492321361209076,0.5450441072917762,0.1323792668841326
852,item_cosine,0.0,0.0,0.0,1.0,0.0,7.452153375130186,0.7352278565406576,0.047350842011719754
853,item_cosine,0.0,0.0,0.0,0.0,0.0,6.89678723126937,0.6662262663469829,0.09209798266479671
857,item_cosine,0.0,0.0,0.0,0.75,0.0,7.0887336916842,0.697109835749776,0.2369767743648507
860,item_cosine,0.09478836436955079,0.045454545454545456,1.0,0.6818181818181818,0.0,7.800718038849595,0.731511050456193,0.07428922008858461
896,item_cosine,0.6131471927654584,0.5,1.0,1.0,0.0,6.7701920727413025,0.5300474834724497,0.19715343867113183
899,item_cosine,0.0,0.0,0.0,1.0,0.0,6.741577168362928,0.5556664183014308,0.09983893720190924
925,item_cosine,0.0,0.0,0.0,0.0,0.0,7.08197136240575,0.6202836398148478,0.041877316083203095
934,item_cosine,0.07336392209936006,0.1,1.0,1.0,0.0,7.2547087150009215,0.7047919811853052,0.08363351274558761
944,item_cosine,0.08671382849411972,0.14285714285714285,1.0,0.5714285714285714,0.0,7.173620423002115,0.6591619957741839,0.07469379753138929
946,item_cosine,0.0,0.0,0.0,1.0,0.0,6.903058614826287,0.6596370091975741,0.11711379886036198
953,item_cosine,0.0,0.0,0.0,1.0,0.0,6.796882756558224,0.573171231161103,0.36413450840641104
975,item_cosine,0.5078961547485289,0.5,1.0,0.75,0.1,7.299043970201938,0.5346750098595153,0.29468540195799026
990,item_cosine,0.0,0.0,0.0,0.0,0.0,7.145493607325338,0.6816650475808402,0.11035576111927485
1007,item_cosine,0.0,0.0,0.0,0.5,0.0,6.87308931163867,0.5502332224461646,0.14612026793876473
1030,item_cosine,0.0,0.0,0.0,0.0,0.0,6.864843795585216,0.5854985354681002,0.23530057263060447
1061,item_cosine,0.0,0.0,0.0,0.6666666666666666,0.0,6.793741470656407,0.5436041279221367,0.14005943592322465
1063,item_cosine,0.0,0.0,0.0,1.0,0.0,7.296089023834999,0.7115244798862483,0.1092452066879908
1096,item_cosine,0.0,0.0,0.0,1.0,0.0,6.675092052632641,0.5463172420344224,0.205176370636827
1115,item_cosine,0.49818925746641285,0.6666666666666666,1.0,0.6666666666666666,0.0,7.1861668749869505,0.6885217904401211,0.055900559351653875
1143,item_cosine,0.0,0.0,0.0,0.0,0.0,7.44719184299513,0.7521234427844937,0.043140090307161025
1157,item_cosine,0.0,0.0,0.0,1.0,0.0,6.902293169508492,0.6701589069448625,0.17587780607238962
1166,item_cosine,0.0,0.0,0.0,0.0,0.0,7.250527860258535,0.6773066476077807,0.18592400929036454
1173,item_cosine,0.0,0.0,0.0,1.0,0.0,7.306110814435127,0.685284611793804,0.2365106900872215
1198,item_cosine,0.0,0.0,0.0,1.0,0.1,7.316973968974646,0.6851450032024189,0.20063694466320633
1206,item_cosine,0.0,0.0,0.0,0.0,0.0,6.886728871412233,0.5560074460486286,0.20280752194818186
1247,item_cosine,0.5779050396291793,0.23076923076923078,1.0,0.7692307692307693,0.0,6.97207113353368,0.5965303686148349,0.2344347229230388
1258,item_cosine,0.11706259313796354,0.16666666666666666,1.0,0.8333333333333334,0.0,7.177109524901686,0.643152811898823,0.06685474074424834
1271,item_cosine,0.0,0.0,0.0,1.0,0.0,6.859221575444003,0.5873693918768323,0.2751876833261146
1276,item_cosine,0.0,0.0,0.0,0.5,0.0,6.8134338302123,0.5205689704783163,0.2938362472970772
1287,item_cosine,0.0,0.0,0.0,0.75,0.0,7.502548450360753,0.7537284591482014,0.14101455262387289
1294,item_cosine,0.0,0.0,0.0,0.5555555555555556,0.0,6.726788496198159,0.46383248591710813,0.2816961135722636
1311,item_cosine,0.0,0.0,0.0,0.0,0.0,7.3339304442555004,0.6720083307449027,0.1572455239524107
1321,item_cosine,0.0,0.0,0.0,0.6666666666666666,0.0,7.1940134705556265,0.6717645965498042,0.16100362283166825
1328,item_cosine,0.0,0.0,0.0,0.0,0.3,8.589615739299663,0.7298852729460247,0.13301987844184046
1346,item_cosine,0.6131471927654584,0.5,1.0,1.0,0.0,7.122706145048203,0.6932747995612596,0.04657673576899381
1357,item_cosine,0.0,0.0,0.0,0.0,0.0,7.510457785256274,0.7574425873674804,0.1206186727484801
1362,item_cosine,0.0,0.0,0.0,0.4,0.0,7.699829633806504,0.728825831220181,0.14078174984670866
1375,item_cosine,0.0,0.0,0.0,0.5,0.0,7.049062067404267,0.6540222778310307,0.17586830937710882
1390,item_cosine,0.0,0.0,0.0,1.0,0.0,7.32137024551958,0.6990689013402689,0.17693407293951055
1414,item_cosine,0.0,0.0,0.0,1.0,0.0,7.231178923414421,0.7006591887528704,0.09070618974455755
1417,item_cosine,1.0,1.0,1.0,1.0,0.0,6.869294050776963,0.6231588446704437,0.15669848160021524
1422,item_cosine,0.0,0.0,0.0,0.4,0.0,7.2856734240502945,0.6830820503136299,0.0928279294002481
1430,item_cosine,0.0,0.0,0.0,0.47368421052631576,0.0,6.810469361577249,0.6152534403587107,0.12004430800972393
1433,item_cosine,0.4144299250118475,0.5,1.0,1.0,0.0,7.35346744223286,0.7178396670927638,0.08042025432427652
1444,item_cosine,0.0,0.0,0.0,0.0,0.0,6.8237187941786175,0.559492511702498,0.09831873562720791
1464,item_cosine,0.0,0.0,0.0,0.6666666666666666,0.0,6.999183418147666,0.5964952670468444,0.3112846359359429
1468,item_cosine,0.0,0.0,0.0,1.0,0.0,6.751059542696671,0.5645770422247787,0.13523643844695818
1476,item_cosine,0.0,0.0,0.0,1.0,0.0,7.250092659107201,0.6874239896884404,0.1010649241016459
1508,item_cosine,0.0,0.0,0.0,0.0,0.0,6.849855156348812,0.6066769247332957,0.24314857720306532
1518,item_cosine,0.0,0.0,0.0,0.5,0.0,7.064718845819338,0.688925321975155,0.15609086579448625
1540,item_cosine,0.10778915452451093,0.16666666666666666,1.0,1.0,0.0,7.165425167597901,0.7087707520856368,0.24582391649069252
1545,item_cosine,0.0,0.0,0.0,0.5,0.0,7.445470996684056,0.7637985679985169,0.07815010180663899
1555,item_cosine,0.0,0.0,0.0,1.0,0.0,7.238449489443229,0.6982618128591894,0.15388819546850024
1565,item_cosine,0.0,0.0,0.0,0.0,0.0,7.237409997343723,0.7285189223951689,0.0989741979340971
1574,item_cosine,0.0,0.0,0.0,0.5,0.0,7.221756449314465,0.704714873483773,0.19341334160485368
1606,item_cosine,0.0,0.0,0.0,1.0,0.0,6.7244784606012455,0.5413350126229304,0.05995696459849502
1609,item_cosine,0.0,0.0,0.0,0.5,0.0,6.806363118883823,0.5849371930236137,0.08934224449467068
1642,item_cosine,0.0,0.0,0.0,0.0,0.3,7.613545742841319,0.5560722750673668,0.2543208016830928
1648,item_cosine,0.0,0.0,0.0,0.6666666666666666,0.0,6.960489770561895,0.5790966003260588,0.22436053363923936
1655,item_cosine,0.07075576072108063,0.1111111111111111,1.0,0.5555555555555556,0.0,7.005320061253576,0.6333765258278284,0.17943030274750763
1672,item_cosine,0.0,0.0,0.0,1.0,0.0,6.72910585008008,0.5118692452480988,0.2179072730216599
1680,item_cosine,0.0,0.0,0.0,1.0,0.0,7.664772481767781,0.7411595136419243,0.10758634798775815
1705,item_cosine,0.0,0.0,0.0,1.0,0.0,7.018627214735682,0.6748259882898034,0.12980446301481738
1706,item_cosine,0.0,0.0,0.0,1.0,0.0,7.268666999714929,0.7113467778995933,0.07385205000263076
1713,item_cosine,0.0,0.0,0.0,1.0,0.0,7.34345895471404,0.7380411514827294,0.058485463002143925
1731,item_cosine,0.0,0.0,0.0,0.0,0.0,7.087279952314972,0.6656585297316544,0.12322767167363374
1734,item_cosine,0.0,0.0,0.0,0.0,0.0,6.948678359505124,0.6382934954104698,0.19304433118719266
1740,item_cosine,0.0,0.0,0.0,1.0,0.0,7.124398490921438,0.6761578471055383,0.1750045771524719
1741,item_cosine,0.1100458831490401,0.0625,1.0,0.875,0.0,6.786616028974294,0.4760212778330414,0.3133857590014504
1743,item_cosine,0.0,0.0,0.0,0.0,0.0,7.168388623710349,0.6641141571848433,0.18537929573239437
1751,item_cosine,0.0,0.0,0.0,1.0,0.0,7.302987097751834,0.680171781826632,0.06845166840142186
1752,item_cosine,0.0,0.0,0.0,0.0,0.0,7.069538785657889,0.6805047861423552,0.11578792430493437
1777,item_cosine,0.0,0.0,0.0,1.0,0.0,7.268757176719423,0.7410659448095831,0.02928612837508557
1789,item_cosine,0.0,0.0,0.0,0.42857142857142855,0.0,6.739506192932426,0.5860778791917336,0.24597739223669798
1792,item_cosine,0.0,0.0,0.0,0.07692307692307693,0.0,7.250313713635964,0.732459178761664,0.20212902216988174
1794,item_cosine,0.0,0.0,0.0,0.0,0.0,7.405663748615164,0.7383514843382301,0.08701483179082427
1806,item_cosine,0.0,0.0,0.0,0.25,0.0,6.947248273864301,0.6442306644017617,0.10585936276666304
1811,item_cosine,0.0,0.0,0.0,0.5,0.0,6.711054646048386,0.5009276636502793,0.2806785247697767
1819,item_cosine,0.0,0.0,0.0,1.0,0.0,6.769773339591642,0.5487413756594062,0.07024757261180681
1823,item_cosine,0.4384676367152009,0.5555555555555556,1.0,1.0,0.0,6.891153393033771,0.5542674481504077,0.2540875117900582
1847,item_cosine,0.3301376494471203,0.15384615384615385,1.0,0.8461538461538461,0.0,7.000410678212286,0.670479109296803,0.08959231422707828
1856,item_cosine,0.0,0.0,0.0,0.5,0.0,6.66247881652963,0.4981818321331025,0.22987772081651542
1873,item_cosine,0.0,0.0,0.0,1.0,0.0,6.838187397506931,0.5863746248184757,0.11620520305334811
1876,item_cosine,0.0,0.0,0.0,0.0,0.0,7.188856324126806,0.6797646422492593,0.05031202726053183
1878,item_cosine,0.0,0.0,0.0,0.5,0.0,7.330060418571887,0.7093761272652459,0.071780929496325
1886,item_cosine,0.0,0.0,0.0,1.0,0.0,7.386545151374902,0.7434493127228006,0.11558823106556296
1916,item_cosine,0.0,0.0,0.0,0.5,0.0,6.684086078259403,0.5020013176926672,0.10804046997838276
1933,item_cosine,0.0,0.0,0.0,0.9,0.0,7.262378851971421,0.7281277466923671,0.054627672114483536
1939,item_cosine,0.0,0.0,0.0,0.0,0.0,6.664063490492421,0.5027663146985567,0.15540376360450284
2000,item_cosine,0.0,0.0,0.0,0.875,0.0,6.927557847050122,0.6460054685662004,0.3018924507143247
2021,item_cosine,0.0,0.0,0.0,1.0,0.0,6.773612621551163,0.5337388195492678,0.1774895179865278
2026,item_cosine,0.0,0.0,0.0,0.6666666666666666,0.0,7.199853613416385,0.7031237008735784,0.053105569381451695
2031,item_cosine,0.0,0.0,0.0,0.7,0.0,7.156522123361208,0.6646613916857945,0.15183435224505637
2042,item_cosine,0.0,0.0,0.0,1.0,0.0,7.202648190592107,0.701238341083257,0.07585531209927046
2046,item_cosine,0.0,0.0,0.0,0.14285714285714285,0.0,6.737857239795012,0.5306718032315858,0.23138342478962226
2063,item_cosine,0.0,0.0,0.0,1.0,0.0,7.2896537102703265,0.702975080296836,0.1902935958997446
2067,item_cosine,0.5,1.0,1.0,1.0,0.0,6.81461272651256,0.5280015111614433,0.3074273389161595
2068,item_cosine,0.0,0.0,0.0,1.0,0.0,7.187998582128553,0.644127949350286,0.06275563182952887
2070,item_cosine,0.0,0.0,0.0,1.0,0.0,7.042966627005905,0.5947921585063536,0.18320214328813134
2078,item_cosine,0.0,0.0,0.0,1.0,0.0,7.15841382385546,0.6676784144045153,0.059216146370503105
2079,item_cosine,0.0,0.0,0.0,0.3333333333333333,0.0,6.875723505160488,0.6264557753857001,0.1172272554417549
2089,item_cosine,0.0,0.0,0.0,1.0,0.0,7.308892934643225,0.722469095915335,0.15520537049598876
2095,item_cosine,0.0,0.0,0.0,0.4,0.0,6.646248335728847,0.44724136443123597,0.0777880213670016
2096,item_cosine,0.10699313236726378,0.2,1.0,1.0,0.1,6.922955533878985,0.47088426184038934,0.24335266555411783
2105,item_cosine,0.1208113026994942,0.2,1.0,0.8,0.0,7.257940705541317,0.6733467863756804,0.15534653173841204
2108,item_cosine,0.46927872602275644,0.3333333333333333,1.0,0.6666666666666666,0.0,6.737512332926025,0.5429190116812688,0.3242474482888094
2145,item_cosine,0.0,0.0,0.0,1.0,0.0,7.110302913500807,0.683896391407163,0.0897189456300243
2153,item_cosine,0.0,0.0,0.0,0.5,0.0,7.307896167797684,0.7276631283177761,0.16747623515035945
2176,item_cosine,0.14782949091545264,0.18181818181818182,1.0,0.9090909090909091,0.0,6.960877378909831,0.6342370981794225,0.2194512314721466
2186,item_cosine,0.0,0.0,0.0,0.5,0.0,7.101845774132018,0.6920721990999497,0.15777927539216036
2198,item_cosine,0.31546487678572877,1.0,1.0,1.0,0.0,7.318872044062573,0.7077577689467358,0.1115681522540344
2204,item_cosine,0.0,0.0,0.0,1.0,0.0,7.565055598818894,0.783003502256316,0.090207266660545
2214,item_cosine,0.6309297535714575,1.0,1.0,1.0,0.0,6.820323663537687,0.5063656116380375,0.2628816159063146
2219,item_cosine,0.0,0.0,0.0,1.0,0.0,7.115345214903945,0.6583243809383873,0.2509791378008606
2223,item_cosine,0.0,0.0,0.0,0.0,0.0,6.775831137379309,0.5313803301024324,0.23729031451340693
2225,item_cosine,0.21840743681816419,0.5,1.0,0.5,0.0,7.03744482276537,0.5895282047520976,0.23494841827113871
2233,item_cosine,0.0,0.0,0.0,1.0,0.0,7.576449564403553,0.7679953883360857,0.07326749239905125
2237,item_cosine,0.0,0.0,0.0,1.0,0.0,7.245475958047419,0.7169951018112626,0.05255009114455796
2260,item_cosine,0.0,0.0,0.0,1.0,0.0,7.472404639340428,0.7642786548799814,0.12847096682080633
2261,item_cosine,0.0,0.0,0.0,0.3333333333333333,0.0,7.0382268430783,0.5774164781161144,0.19389644771710568
2262,item_cosine,0.0,0.0,0.0,0.7692307692307693,0.0,6.704744585800962,0.5104584885822263,0.11673076020968957
2268,item_cosine,0.0,0.0,0.0,0.0,0.0,6.916608184095961,0.6082097777621667,0.11886323993117978
2277,item_cosine,0.0,0.0,0.0,0.7777777777777778,0.0,7.049633793469691,0.6920404952251571,0.14425551365796535
2278,item_cosine,0.0,0.0,0.0,0.5,0.0,6.77917034491457,0.5670674756321685,0.06730041523583916
2288,item_cosine,0.2987100207034456,0.3333333333333333,1.0,0.6666666666666666,0.0,7.42070820637984,0.7605549457642908,0.020578995549156674
2323,item_cosine,0.0,0.0,0.0,1.0,0.0,6.797626780570502,0.5260793349108749,0.17559705232977652
2338,item_cosine,0.0,0.0,0.0,0.0,0.0,7.205375063344053,0.7052653393561102,0.09327394822553198
2339,item_cosine,0.0,0.0,0.0,1.0,0.0,6.906656621221731,0.5520730529530002,0.20888045723502544
2344,item_cosine,0.09546043308946733,0.16666666666666666,1.0,0.5,0.0,6.7223820012875795,0.4597800121457276,0.170801280058284
2354,item_cosine,0.6131471927654584,0.5,1.0,1.0,0.4,8.568660322163286,0.714148942895824,0.11414252762519476
2366,item_cosine,0.0,0.0,0.0,1.0,0.4,8.496787560057822,0.7085606595976388,0.03288158957439731
2381,item_cosine,0.0,0.0,0.0,0.0,0.0,6.764750472252206,0.5569525771207411,0.19254021197082763
2399,item_cosine,0.0,0.0,0.0,1.0,0.0,6.993342410917836,0.6777104522843171,0.1750362205413002
2404,item_cosine,0.0,0.0,0.0,0.8,0.0,7.108624975606007,0.7099734821663926,0.1906318388333982
2437,item_cosine,0.0,0.0,0.0,0.0,0.0,7.433608176819222,0.7178250540173271,0.08935962771740216
2445,item_cosine,0.0,0.0,0.0,0.6666666666666666,0.0,7.273179995912869,0.6853934357297209,0.11774981675121014
2448,item_cosine,0.0,0.0,0.0,1.0,0.0,6.713779236010588,0.4476009783655124,0.19352804478010724
2455,item_cosine,0.0,0.0,0.0,0.6666666666666666,0.0,7.497217581231969,0.7344490668437663,0.08334717748649723
2467,item_cosine,0.0,0.0,0.0,1.0,0.3,8.15240545295752,0.7405513582690266,0.06885927225430369
2469,item_cosine,0.0,0.0,0.0,0.0,0.0,6.727727794412068,0.5005969891450109,0.19390518120500128
2489,item_cosine,0.553486104522623,0.75,1.0,1.0,0.0,7.705445698272254,0.7536557654262388,0.09076546398412463
2493,item_cosine,0.0,0.0,0.0,1.0,0.0,7.539207789145728,0.7663562552448198,0.06207936476808529
2507,item_cosine,0.0,0.0,0.0,0.0,0.0,7.3869840503143465,0.7276414259277374,0.11342979097057063
2536,item_cosine,0.0,0.0,0.0,0.6666666666666666,0.0,6.83651862634714,0.5979108253870005,0.3012049645281792
2538,item_cosine,0.3065735963827292,0.5,1.0,1.0,0.0,7.075521220658153,0.6963576041798167,0.0779523482153157
2545,item_cosine,0.0,0.0,0.0,0.5,0.0,6.875001991426288,0.6011693668109361,0.038388565516040446
2546,item_cosine,0.2960819109658652,0.3333333333333333,1.0,0.3333333333333333,0.0,6.666526688202046,0.4435778570694683,0.17537545730064982
2552,item_cosine,0.14876390584057272,0.125,1.0,0.75,0.0,7.55558552828091,0.7705721373122615,0.06672665770282057
2557,item_cosine,0.0,0.0,0.0,1.0,0.0,7.169738778321671,0.6483532027455337,0.11551673814060848
2576,item_cosine,0.0,0.0,0.0,0.5,0.0,7.24244487784006,0.724790033296447,0.16748021845693228
2579,item_cosine,0.0,0.0,0.0,0.0,0.0,7.7762340086997455,0.717130162165261,0.02502237666259959
2599,item_cosine,0.12647135138382856,0.125,1.0,0.625,0.0,7.507205427238044,0.7871347609011359,0.05954713296030136
2605,item_cosine,0.0,0.0,0.0,0.0,0.0,6.974614398148439,0.6793038771543016,0.17126276678379693
2610,item_cosine,0.314880130667631,0.06896551724137931,1.0,0.8275862068965517,0.0,6.8301787809032275,0.46519764608043424,0.29922519256969404
2614,item_cosine,0.0,0.0,0.0,0.0,0.0,6.761954560595996,0.536648095732483,0.2847423248576203
2628,item_cosine,0.0,0.0,0.0,1.0,0.0,7.22883845346048,0.6975514140213339,0.09001023877545591
2642,item_cosine,0.0,0.0,0.0,0.0,0.0,7.55499450383938,0.7918656507428811,0.03782260945561812
2643,item_cosine,0.0,0.0,0.0,0.5,0.0,6.862511383340099,0.5421650837812939,0.30351070386727186
2647,item_cosine,0.0,0.0,0.0,0.5,0.0,6.702612186194228,0.5463610759669123,0.22950338403249862
2672,item_cosine,0.0,0.0,0.0,0.0,0.0,6.926604468578513,0.6669863376553653,0.13761737886712627
2679,item_cosine,0.0,0.0,0.0,0.75,0.0,6.964791819211273,0.5926570724812479,0.28529513532999995
2689,item_cosine,0.0,0.0,0.0,0.5,0.0,6.687320106742931,0.4899588815492183,0.15855864304175668
2697,item_cosine,0.0,0.0,0.0,0.0,0.0,6.766055197622384,0.5233099412153004,0.1831219854009059
2702,item_cosine,0.9258513847149256,0.8888888888888888,1.0,1.0,0.0,6.730524326298843,0.5130650429367551,0.3249812092512037
2740,item_cosine,0.0,0.0,0.0,1.0,0.0,6.956791242850855,0.6254447798543161,0.07989372903516713
2751,item_cosine,0.06625422345438904,0.08333333333333333,1.0,0.8333333333333334,0.0,6.734159537734399,0.5825155510437923,0.041379932690480244
2758,item_cosine,0.5,1.0,1.0,1.0,0.0,7.318784629560293,0.7206143962137528,0.15587030857032022
2787,item_cosine,0.0,0.0,0.0,0.0,0.0,6.670133322372057,0.5024143170721718,0.10803013467916837
2790,item_cosine,0.10209739512291163,0.2,1.0,0.4,0.0,7.596163146613527,0.7278750688967204,0.09710360966110992
2792,item_cosine,0.0,0.0,0.0,1.0,0.0,7.184079768920073,0.6714438151465251,0.06400785881253761
2793,item_cosine,0.0,0.0,0.0,1.0,0.0,6.792103102428655,0.5714500646953018,0.2384847351178064
2803,item_cosine,0.0,0.0,0.0,0.0,0.0,6.872974650522051,0.5506449927941302,0.3391181510183315
2820,item_cosine,0.0,0.0,0.0,1.0,0.2,7.877627940437284,0.7708321257511476,0.13484672690563593
2829,item_cosine,0.14606834984270645,0.2,1.0,1.0,0.0,7.449187510480881,0.740397460298113,0.06070944548250231
2837,item_cosine,0.0,0.0,0.0,0.5,0.0,6.928109015127786,0.6672770742828471,0.30767009524037386
2845,item_cosine,0.0,0.0,0.0,0.0,0.0,7.063966301228804,0.690603724916566,0.23083895784821984
2853,item_cosine,0.0,0.0,0.0,1.0,0.0,7.413761978550961,0.7384432073520852,0.04073074266613707
2858,item_cosine,0.0,0.0,0.0,1.0,0.0,6.730227562282278,0.5002063581558482,0.2984847527645775
2859,item_cosine,0.0,0.0,0.0,1.0,0.0,7.066856453930437,0.6399754678146077,0.1792556684481313
2870,item_cosine,0.0,0.0,0.0,1.0,0.0,7.072004199574335,0.6892085866051779,0.13791589949970587
2878,item_cosine,0.0,0.0,0.0,1.0,0.0,7.650639208200201,0.7355835639043488,0.140458714049254
2886,item_cosine,0.20210734650054757,0.3333333333333333,1.0,1.0,0.0,7.004834727798157,0.6543578095990752,0.17647973094616365
2888,item_cosine,0.0,0.0,0.0,0.0,0.0,6.785881051648063,0.5232262933103216,0.15829042299345628
2909,item_cosine,0.0,0.0,0.0,1.0,0.0,6.73115410666756,0.5394480567738231,0.3372712165457303
2925,item_cosine,0.0,0.0,0.0,1.0,0.0,6.951995863103545,0.6755237204034543,0.14111078337353797
2928,item_cosine,0.0,0.0,0.0,1.0,0.0,7.158824437812539,0.674742441503213,0.13426165168616278
2940,item_cosine,0.0,0.0,0.0,0.0,0.0,6.842780505050117,0.6234441963362898,0.17975736713650825
2951,item_cosine,0.0,0.0,0.0,0.0,0.0,7.565864614599738,0.7834993860627398,0.08158044294064139
2966,item_cosine,0.10778915452451093,0.16666666666666666,1.0,0.5,0.0,6.892296009704947,0.5846642331437946,0.13188245466368817
2971,item_cosine,0.0,0.0,0.0,1.0,0.0,7.076926711196721,0.6764846179633492,0.10533641070036318
2975,item_cosine,0.0,0.0,0.0,0.5,0.0,6.8011092985663115,0.5545062143812334,0.1723084278153566
2988,item_cosine,0.10086747116627115,0.16666666666666666,1.0,0.6666666666666666,0.0,6.616712998885022,0.43957033921460875,0.2041875761617533
3005,item_cosine,0.0,0.0,0.0,0.8333333333333334,0.0,6.732945605112855,0.5587790966066883,0.22849195490177368
3023,item_cosine,0.5135312443624667,0.5,1.0,1.0,0.0,7.475656443735185,0.7471770619044551,0.10524910039244434
3025,item_cosine,0.0,0.0,0.0,1.0,0.0,7.210151135627274,0.691138697629845,0.05764565940468769
3042,item_cosine,0.09478836436955079,0.07142857142857142,1.0,0.5714285714285714,0.0,7.156829206008827,0.6753027568219014,0.2789002240021721
3074,item_cosine,0.0,0.0,0.0,0.5,0.0,6.966758580632339,0.5650742485191611,0.15004668182584094
3097,item_cosine,0.0,0.0,0.0,0.8888888888888888,0.0,6.980693181020323,0.5950387398676308,0.07492529139107261
3116,item_cosine,0.0,0.0,0.0,0.0,0.0,6.902726651459437,0.6725955766457683,0.07890496780286241
3126,item_cosine,0.0,0.0,0.0,1.0,0.0,6.833497586555578,0.5617969410174583,0.12483020738315623
3129,item_cosine,0.0,0.0,0.0,0.0,0.3,8.11904863800265,0.7332781787492628,0.08617538432081999
3136,item_cosine,0.49818925746641285,0.6666666666666666,1.0,1.0,0.0,6.806341248489277,0.5643108823406544,0.199030191316074
3139,item_cosine,0.26836379988737025,0.3333333333333333,1.0,0.8333333333333334,0.0,7.298745654177554,0.7098191522757008,0.07648218029800602
3152,item_cosine,0.0,0.0,0.0,0.6666666666666666,0.0,6.895057349516461,0.4871005478349235,0.3802279123923136
3157,item_cosine,0.0,0.0,0.0,0.0,0.0,6.785108787980583,0.5290787284592159,0.16132469777057062
3165,item_cosine,0.0,0.0,0.0,1.0,0.0,7.179013685234625,0.6919472367185169,0.03611813395418371
3168,item_cosine,0.0,0.0,0.0,0.3333333333333333,0.0,7.296658982503222,0.6877695597247233,0.2025784280592095
3184,item_cosine,0.0,0.0,0.0,0.4,0.2,7.85064108559632,0.6398789461953764,0.21949829640239962
3193,item_cosine,0.0,0.0,0.0,1.0,0.0,6.847987943800932,0.5764433833352776,0.0705780671927005
3207,item_cosine,1.0,1.0,1.0,1.0,0.0,7.6934385403135295,0.756058583468239,0.06090064677204467
3212,item_cosine,0.0,0.0,0.0,0.0,0.0,7.551680049085165,0.7284982013781736,0.09985745844410754
3213,item_cosine,0.0,0.0,0.0,1.0,0.0,6.916440366487104,0.6654926668727257,0.184056756489335
3217,item_cosine,0.0,0.0,0.0,1.0,0.0,6.9323086133344205,0.6364289287934973,0.20112721251748406
3233,item_cosine,0.0,0.0,0.0,0.0,0.0,7.043222084817185,0.6209969898963517,0.12860940060193546
3237,item_cosine,0.13565197343244778,0.3333333333333333,1.0,1.0,0.0,6.69452894972117,0.5058512424545383,0.18355183207562703
3300,item_cosine,0.0,0.0,0.0,0.3333333333333333,0.0,7.241696543252276,0.6352531927799681,0.13542772629604993
3301,item_cosine,0.0,0.0,0.0,1.0,0.0,6.734097901734719,0.5143481004622384,0.361573032881609
3308,item_cosine,0.0,0.0,0.0,0.0,0.0,7.073808909216313,0.61909923476714,0.11380378488726065
3310,item_cosine,0.19342640361727081,0.5,1.0,0.5,0.0,7.2415826844228075,0.7123567378779018,0.212459535764148
3320,item_cosine,0.0,0.0,0.0,0.0,0.0,6.6779190597563325,0.49978713086276916,0.16640779701788014
3325,item_cosine,0.0,0.0,0.0,0.0,0.0,7.031530990601074,0.6690792237710808,0.46982651722160573
3326,item_cosine,0.14465249243306438,0.14285714285714285,1.0,0.6428571428571429,0.0,7.939565869722847,0.6923955394319233,0.07492106240867913
3335,item_cosine,0.15642624200758548,0.3333333333333333,1.0,0.6666666666666666,0.0,6.929349501905376,0.5884580243140594,0.19406349284114957
3338,item_cosine,0.0,0.0,0.0,1.0,0.0,6.792130309926733,0.4720882789765519,0.2145027640069161
3369,item_cosine,0.0,0.0,0.0,0.3333333333333333,0.0,7.300415569342451,0.7202878442028394,0.09826293858707345
3380,item_cosine,0.0,0.0,0.0,0.0,0.1,8.04061821697356,0.717684198985466,0.10906619286029043
3401,item_cosine,0.0,0.0,0.0,0.5,0.0,6.666123781228713,0.4959595965338073,0.13494024234737598
3402,item_cosine,0.0,0.0,0.0,0.75,0.3,8.533821196642744,0.7515280795661294,0.017392889058003503
3412,item_cosine,0.3010299956639812,1.0,1.0,1.0,0.0,7.740526985823557,0.7978253657934682,0.07265804766438863
3420,item_cosine,0.0,0.0,0.0,1.0,0.0,7.269763257657429,0.7024321970584329,0.15543185175291277
3422,item_cosine,0.28606042850872493,0.25,1.0,0.75,0.0,7.338574206994943,0.707239744356092,0.10827006033735422
3424,item_cosine,0.0,0.0,0.0,0.0,0.0,7.184905743616196,0.639082995663278,0.13950020495313678
3450,item_cosine,0.37800210039683896,1.0,1.0,1.0,0.0,7.319066755554211,0.7254348357743725,0.10221616764709963
3486,item_cosine,0.0,0.0,0.0,0.6666666666666666,0.0,6.70570698105035,0.44729174081765166,0.3697896535522924
3495,item_cosine,0.0,0.0,0.0,0.5185185185185185,0.0,6.828114819358045,0.5127162756799337,0.18860073318372303
3508,item_cosine,0.0,0.0,0.0,0.2,0.0,7.657746334439542,0.7644418850686652,0.11849019563849927
3525,item_cosine,0.0,0.0,0.0,0.0,0.0,7.026027961014675,0.6610318674879788,0.2300729578947132
3527,item_cosine,0.0,0.0,0.0,0.5714285714285714,0.0,6.837231487521157,0.5770386990242773,0.2008354196646863
3532,item_cosine,0.0,0.0,0.0,1.0,0.0,6.905323487936125,0.5867947966732665,0.12660419143004736
3596,item_cosine,0.0,0.0,0.0,0.9166666666666666,0.0,6.858006788136706,0.5377325674376949,0.1405554378926187
3598,item_cosine,0.198881557747969,0.3333333333333333,1.0,1.0,0.0,6.8262618736217435,0.5323579687898305,0.23647213099899492
3615,item_cosine,0.0,0.0,0.0,1.0,0.0,7.126920159219175,0.6669603521302205,0.2230395149543364
3620,item_cosine,0.0,0.0,0.0,0.6666666666666666,0.0,7.068924978601767,0.69155838545832,0.08304403832907992
3624,item_cosine,0.0,0.0,0.0,0.3333333333333333,0.0,6.822293170330319,0.5855089346676242,0.10635181440490568
3628,item_cosine,0.0,0.0,0.0,0.0,0.0,7.035160494902177,0.6436880662052413,0.11672295024289006
3638,item_cosine,0.14829723057014912,0.1111111111111111,1.0,0.5555555555555556,0.0,7.304606265533998,0.7021664947226569,0.22645931431176905
3666,item_cosine,0.6131471927654584,0.5,1.0,0.5,0.0,6.725560756246819,0.4915180425334559,0.3181807204279758
3672,item_cosine,0.0,0.0,0.0,1.0,0.0,7.203128370062745,0.6329418936629703,0.033808082793190954
3679,item_cosine,0.0,0.0,0.0,0.5,0.0,7.057983675513347,0.650221957660452,0.12240413590814749
3682,item_cosine,0.5017493542077721,0.25,1.0,0.8125,0.2,7.797677104297351,0.7773088203444805,0.1617281196583144
3705,item_cosine,0.0,0.0,0.0,0.0,0.0,7.724400325373854,0.7554951701208217,0.04929826024515985
3711,item_cosine,0.0,0.0,0.0,1.0,0.0,7.313400774301606,0.7203895157956868,0.17637880696673536
3726,item_cosine,0.0,0.0,0.0,0.6666666666666666,0.0,6.931538242060698,0.6677924535409208,0.055239617796804044
3730,item_cosine,0.0,0.0,0.0,0.5,0.0,7.211485593080999,0.7286884517111716,0.12299838097688268
3738,item_cosine,0.0,0.0,0.0,0.25,0.0,7.0039117728181,0.6346202126531245,0.27986360525963094
3749,item_cosine,0.0,0.0,0.0,0.6,0.9,9.738434413555735,0.6433545648419923,0.17631373241128778
3766,item_cosine,0.2895229882348575,0.125,1.0,0.8125,0.0,6.6364599713685735,0.4922827706055698,0.29956640978442284
3774,item_cosine,0.0,0.0,0.0,1.0,0.0,7.246536164727054,0.712217128450181,0.17387575090444135
3775,item_cosine,0.0,0.0,0.0,0.0,0.0,7.475802715355597,0.7628621707827636,0.12598445867005645
3779,item_cosine,0.0,0.0,0.0,1.0,0.1,7.538369893404185,0.662284473620731,0.19528457781392458
3783,item_cosine,0.0,0.0,0.0,0.6666666666666666,0.0,7.120763968363036,0.692791788680056,0.07942589162058003
3807,item_cosine,0.0,0.0,0.0,0.6666666666666666,0.0,6.697175224108472,0.45280955265391565,0.3153951923651163
3811,item_cosine,0.0,0.0,0.0,0.5714285714285714,0.0,7.297348178626622,0.6956511967440493,0.04432722523412103
3815,item_cosine,0.0,0.0,0.0,0.6,0.0,7.287491200978178,0.6799318602979723,0.2553143980193405
3839,item_cosine,0.0,0.0,0.0,1.0,0.0,6.815492010358544,0.565405819581693,0.13931812561009801
3849,item_cosine,0.5078961547485289,0.5,1.0,0.75,0.1,7.393657142884114,0.7480113955446888,0.06845260689610484
3855,item_cosine,0.0,0.0,0.0,1.0,0.0,7.212222044941645,0.7018945757370856,0.050137506251704905
3891,item_cosine,0.0,0.0,0.0,0.3333333333333333,0.0,6.7429337858752785,0.4439206138912941,0.3314036907664115
3904,item_cosine,0.0,0.0,0.0,0.5,0.0,7.272138953410642,0.6709765189701229,0.18638288574338963
3929,item_cosine,0.0,0.0,0.0,0.0,0.0,6.885825336034388,0.6106569266911563,0.11129867567736965
3936,item_cosine,0.0,0.0,0.0,0.6666666666666666,0.3,8.564016654146387,0.7198175446108607,0.12514381049863743
3956,item_cosine,0.0,0.0,0.0,0.6666666666666666,0.0,7.34631385473517,0.7259751362685021,0.22197720062198398
3961,item_cosine,0.19342640361727081,0.5,1.0,0.5,0.0,7.065682643903335,0.6625712992580635,0.07429723811953949
3962,item_cosine,0.6941986898644341,0.7777777777777778,1.0,0.8888888888888888,0.1,7.076993971444584,0.48574602462138594,0.19032885071257868
3973,item_cosine,0.09478836436955079,0.07142857142857142,1.0,0.5714285714285714,0.7,9.365397574116065,0.7917789763065121,0.1710041078024019
3989,item_cosine,0.0,0.0,0.0,0.0,0.0,7.442187510107539,0.7275450249770095,0.07085569594506698
4014,item_cosine,0.11305340175787204,0.2,1.0,0.6,0.0,7.5822396580469995,0.7807542679992037,0.1553696766774606
4015,item_cosine,0.0,0.0,0.0,0.75,0.0,7.094889008227409,0.6897033059762601,0.1874776646489057
4024,item_cosine,0.0,0.0,0.0,0.0,0.0,6.6655128435230875,0.43981874493102435,0.17766415456480436
4038,item_cosine,0.19519002499605084,0.25,1.0,1.0,0.0,7.193454028108346,0.6869385425935824,0.1324023458945978
4046,item_cosine,0.0,0.0,0.0,0.8333333333333334,0.0,7.290710566487327,0.7241743257792101,0.1586584259535715
4054,item_cosine,0.0,0.0,0.0,0.8,0.0,7.256989101368044,0.6775943106099681,0.025023552431399358
4055,item_cosine,0.0,0.0,0.0,1.0,0.1,7.345143821986069,0.7525657394789752,0.12811235275618119
4063,item_cosine,0.0,0.0,0.0,0.5,0.0,7.138300356445397,0.6468124667762443,0.0728323919144188
4066,item_cosine,0.0,0.0,0.0,0.8333333333333334,0.0,6.628286038698159,0.44172293229894977,0.3018084616655539
4074,item_cosine,0.0,0.0,0.0,0.5,0.0,7.511136800000971,0.7607687885716409,0.04518261563633073
4148,item_cosine,0.0,0.0,0.0,0.8,0.0,7.078374791580005,0.7016132466099987,0.15021904013582507
4165,item_cosine,0.0,0.0,0.0,0.7142857142857143,0.0,6.971962724860238,0.6673177457261957,0.07945881809066137
4178,item_cosine,0.0,0.0,0.0,1.0,0.1,7.277556098743794,0.5726510352879483,0.07791691988501652
4200,item_cosine,0.0,0.0,0.0,0.6,0.0,6.929321719671397,0.5427583395773582,0.21678015440589563
4205,item_cosine,0.19519002499605084,0.25,1.0,1.0,0.0,7.186337639968,0.6707972605933183,0.275500801518588
4214,item_cosine,0.0,0.0,0.0,1.0,0.0,7.353589159759478,0.7144701819727446,0.24853734979200381
4221,item_cosine,0.0,0.0,0.0,0.0,0.0,7.10874676211998,0.6836544082367666,0.1956896113270444
4226,item_cosine,0.21840743681816419,0.5,1.0,1.0,0.0,6.86286358894143,0.5361242002087045,0.1878714840749358
4233,item_cosine,0.0,0.0,0.0,1.0,0.0,7.164685965945125,0.7056035878706084,0.1014994472147991
4257,item_cosine,0.0,0.0,0.0,0.5,0.0,7.387420980843766,0.7363072972740334,0.09402256618481276
4276,item_cosine,0.3084274278260313,0.6666666666666666,1.0,1.0,0.2,8.439265272352333,0.7686520200997048,0.058401385796499776
4278,item_cosine,0.15166831491748423,0.2222222222222222,1.0,0.6666666666666666,0.2,7.576141390049865,0.7621758725672506,0.12680420209605492
4285,item_cosine,0.0,0.0,0.0,1.0,0.0,7.207054361373885,0.731383848803614,0.07822178178714495
4289,item_cosine,0.0,0.0,0.0,0.75,0.0,6.7346912289428005,0.44580435551243114,0.2422007828496262
4295,item_cosine,0.1100458831490401,0.05555555555555555,1.0,0.7222222222222222,0.0,6.8532288406742214,0.5487758043148978,0.2168179087362247
4298,item_cosine,0.19092086617893467,0.16666666666666666,1.0,0.3333333333333333,0.0,7.208730607959874,0.6879959033276499,0.10089263592804146
4300,item_cosine,0.16220310073808747,0.2857142857142857,1.0,0.8571428571428571,0.0,7.702009258990306,0.7568631646934727,0.1382071108793709
4308,item_cosine,0.15958907712489637,0.125,1.0,1.0,0.0,7.313235262048586,0.6648996400537119,0.03519692144146046
4310,item_cosine,0.0,0.0,0.0,1.0,0.0,6.892260331862031,0.6002003178225526,0.09855742998736146
4315,item_cosine,0.0,0.0,0.0,1.0,0.0,6.856841007543825,0.47898817894888024,0.42096501185931573
4367,item_cosine,0.0,0.0,0.0,0.6666666666666666,0.0,7.266082072657997,0.7313609330457869,0.05238521186799986
4371,item_cosine,0.6131471927654584,0.5,1.0,1.0,0.0,7.2441171560687065,0.7288294123666412,0.1139553861802276
4384,item_cosine,0.0,0.0,0.0,0.3333333333333333,0.0,6.736459816354251,0.4975487900937733,0.17175132144240202
4392,item_cosine,0.0,0.0,0.0,1.0,0.0,7.273455014754778,0.7025474988754755,0.020875646080030816
4404,item_cosine,0.35106842466815347,0.3333333333333333,1.0,0.8666666666666667,0.0,6.971602409165371,0.5774686367900719,0.08664741731429797
4408,item_cosine,0.0,0.0,0.0,0.5,0.0,7.472687617841556,0.7714518690792983,0.12113622056424275
4415,item_cosine,0.16716045496620227,0.3333333333333333,1.0,1.0,0.7,12.02706374426733,0.8730926943450439,0.03385886374171055
4424,item_cosine,0.08671382849411972,0.14285714285714285,1.0,0.5714285714285714,0.0,7.196324968829236,0.700447503996716,0.061529259769331573
4441,item_cosine,0.0,0.0,0.0,0.5,0.0,7.3321225109949975,0.7057596120675985,0.10956503641165956
4442,item_cosine,0.0,0.0,0.0,0.75,0.0,7.2259613952769275,0.718579748123548,0.15993661958058272
4448,item_cosine,0.0,0.0,0.0,0.0,0.1,7.090438602785821,0.5610312301917073,0.2664731572876285
4460,item_cosine,0.0,0.0,0.0,1.0,0.1,7.039944188938421,0.49930827486582563,0.42786824728779965
4464,item_cosine,0.0,0.0,0.0,0.0,0.0,7.065178656690842,0.6542303186712156,0.05809118324721862
4465,item_cosine,0.0,0.0,0.0,0.0,0.0,7.120457650968248,0.6354092387582334,0.09872317491357639
4471,item_cosine,0.0,0.0,0.0,1.0,0.0,6.685259816006639,0.496588616348581,0.24187887188316076
4474,item_cosine,0.0,0.0,0.0,1.0,0.0,6.852593764252885,0.5894925837966772,0.35708433978073456
4500,item_cosine,0.20829366581033185,0.2,1.0,0.8,0.1,7.248765495342939,0.6584177757950408,0.22612313437294074
4545,item_cosine,0.0,0.0,0.0,1.0,0.0,6.779425871263871,0.5238622626608749,0.17308137794992146
4551,item_cosine,0.0,0.0,0.0,0.75,0.0,7.301620965679222,0.7361491485995664,0.13995109651733273
4558,item_cosine,0.0,0.0,0.0,1.0,0.0,6.810084946504249,0.5918834246198387,0.1683098942776616
4565,item_cosine,0.0,0.0,0.0,0.5,0.0,7.135549206913294,0.6111797286928063,0.23338472900150278
4568,item_cosine,0.0,0.0,0.0,1.0,0.0,7.313112201544781,0.7420653021896049,0.22442766653776902
4576,item_cosine,0.0,0.0,0.0,0.0,0.1,7.627693479226839,0.7570330097018114,0.15468693274543335
4602,item_cosine,0.0,0.0,0.0,0.0,0.0,7.108214299120436,0.680959773649735,0.3600429504007124
4649,item_cosine,0.40344389240636547,0.5,1.0,0.8333333333333334,0.0,7.416165829920073,0.7170832299212297,0.05706641650114878
4653,item_cosine,0.0,0.0,0.0,0.6666666666666666,0.0,7.3545379342576425,0.744815992212965,0.13916288137611865
4666,item_cosine,0.0,0.0,0.0,1.0,0.0,6.771546454830409,0.5119756280125008,0.31224810303096645
4684,item_cosine,0.0,0.0,0.0,0.0,0.0,7.5620433382008585,0.7664456631347152,0.05530384423054472
4689,item_cosine,0.0,0.0,0.0,0.0,0.1,7.718995313891982,0.7506640920402678,0.038372550274216856
4709,item_cosine,0.0901000086523677,0.125,1.0,0.75,0.0,7.019428583716251,0.6694534343626753,0.15554706844884592
4717,item_cosine,0.0,0.0,0.0,0.0,0.0,7.374930387595645,0.6988334298316743,0.08974165872194723
4729,item_cosine,0.0,0.0,0.0,0.5,0.0,6.706646760720256,0.5041239898545602,0.11258452415437314
4730,item_cosine,0.0,0.0,0.0,1.0,0.0,7.253673873907521,0.7154317203783509,0.0686641393607265
4735,item_cosine,0.0,0.0,0.0,0.3888888888888889,0.0,6.635322492382107,0.4947504258499543,0.2673285516404246
4736,item_cosine,0.0,0.0,0.0,0.6,0.0,7.2050060245212935,0.6546616829569554,0.046092673860936684
4777,item_cosine,0.0,0.0,0.0,0.0,0.0,7.3348730407473655,0.7388058554554284,0.05159682726699845
4780,item_cosine,0.0,0.0,0.0,1.0,0.6,9.247885891599608,0.7260453770952795,0.11834332473549186
4784,item_cosine,0.0,0.0,0.0,1.0,0.0,7.144812176349963,0.6829305439292752,0.13255166136890617
4789,item_cosine,0.0,0.0,0.0,1.0,0.0,7.332866768982187,0.7349372959500553,0.14522420839358538
4797,item_cosine,0.0,0.0,0.0,1.0,0.0,6.739400784664037,0.5220682178175495,0.14420242579043158
4803,item_cosine,0.0,0.0,0.0,1.0,0.0,6.741653160098228,0.5475998030202796,0.1362699774029006
4818,item_cosine,0.0,0.0,0.0,0.3333333333333333,0.0,6.83766343607746,0.5430436600736634,0.21996691727865228
4824,item_cosine,0.0,0.0,0.0,0.25,0.1,7.894334143825285,0.750726614974377,0.10749263914253981
4837,item_cosine,0.0,0.0,0.0,0.5,0.0,6.786964634461958,0.5754071949195403,0.30391571837991205
4840,item_cosine,0.3794140541514857,0.25,1.0,0.75,0.0,7.40610316735408,0.7718701138912853,0.0971413285808347
4853,item_cosine,0.0,0.0,0.0,1.0,0.0,7.202558443345642,0.726108109918197,0.11679089532085468
4877,item_cosine,0.0,0.0,0.0,1.0,0.0,6.799141506488615,0.5379457733808295,0.27645367354018036
4885,item_cosine,0.0,0.0,0.0,0.0,0.0,7.245925762363636,0.6684834596093577,0.04887979187361808
4886,item_cosine,0.0,0.0,0.0,0.7142857142857143,0.0,6.799766247271725,0.5811874786458247,0.1416188622085916
4925,item_cosine,0.0,0.0,0.0,1.0,0.0,6.80238251616711,0.4771553049001036,0.2150343360647083
4927,item_cosine,0.15642624200758548,0.3333333333333333,1.0,0.6666666666666666,0.0,7.007534684792245,0.6664552160364687,0.11950361443195065
4929,item_cosine,0.0,0.0,0.0,1.0,0.0,7.235891970310481,0.687246707420213,0.061889072517071354
4930,item_cosine,0.15130120674940672,0.16666666666666666,1.0,0.8333333333333334,0.0,6.955141717389351,0.6634481747734378,0.09649291999393757
4931,item_cosine,0.0,0.0,0.0,0.8,0.0,7.099445538786095,0.5841338985669409,0.18055409926732482
4937,item_cosine,0.6309297535714575,1.0,1.0,1.0,0.0,7.242084414950544,0.6919131470962159,0.12281763446208362
4946,item_cosine,0.0,0.0,0.0,0.0,0.0,7.078374791580005,0.7016132466099988,0.26034979736882596
4965,item_cosine,0.0,0.0,0.0,0.0,0.0,7.127355234759444,0.6673528432807541,0.13610511486675425
4968,item_cosine,0.15840915256850252,0.18181818181818182,1.0,0.7272727272727273,0.0,7.109909919095086,0.6778594264867195,0.08391113264606356
4975,item_cosine,0.0,0.0,0.0,0.875,0.0,7.108102643655945,0.6260012213059575,0.18066167643874598
4979,item_cosine,0.0,0.0,0.0,0.6666666666666666,0.0,7.082141499307819,0.6958047947165986,0.24293381046788662
4980,item_cosine,0.21840743681816419,0.5,1.0,1.0,0.0,6.99114527427903,0.639125033939489,0.17059171570711149
4986,item_cosine,0.6131471927654584,0.5,1.0,1.0,0.0,7.149326679227881,0.668230088212781,0.21810955166759663
5029,item_cosine,0.0,0.0,0.0,0.0,0.0,6.924481804249497,0.5755141785690399,0.20927615884198394
5035,item_cosine,0.0,0.0,0.0,1.0,0.0,7.193348104150519,0.6828288460923817,0.03295955438176537
5043,item_cosine,0.0,0.0,0.0,0.3333333333333333,0.1,7.103450497936635,0.5532250421503143,0.19718974599929717
5051,item_cosine,0.0,0.0,0.0,0.0,0.5,8.655298690460565,0.7174853813629642,0.0794566097543444
5070,item_cosine,0.0,0.0,0.0,0.5,0.0,6.776857289641723,0.5411013374194382,0.14424652173246524
5073,item_cosine,0.0,0.0,0.0,0.5,0.0,7.46433687224916,0.7260016780232995,0.11128208549667169
5082,item_cosine,0.0,0.0,0.0,0.6666666666666666,0.0,7.080243787010656,0.6781491649470823,0.10668864550778293
5113,item_cosine,0.0,0.0,0.0,0.5,0.0,7.514175644812395,0.7585229329559685,0.13971768921295247
5114,item_cosine,0.0,0.0,0.0,0.6666666666666666,0.0,6.915564000969816,0.6205307609795367,0.12648324125030713
5121,item_cosine,0.0,0.0,0.0,0.3333333333333333,0.0,7.3231593733809035,0.6985323923357407,0.10349819955711735
5122,item_cosine,0.0,0.0,0.0,1.0,0.0,7.576268771092129,0.7148600194514214,0.027638632397640278
5142,item_cosine,0.0,0.0,0.0,1.0,0.0,6.904927681410878,0.6458716530136988,0.1425146892492354
5150,item_cosine,0.0,0.0,0.0,0.25,0.0,6.699818368739079,0.4488641156322738,0.34943518104393767
5156,item_cosine,0.0,0.0,0.0,0.0,0.0,6.9084014600037165,0.594335223610627,0.12423806059456748
5179,item_cosine,0.35895421017163476,0.2,1.0,0.8,0.0,7.307566565205105,0.7321711631336882,0.0513013581869854
5180,item_cosine,0.0,0.0,0.0,0.2222222222222222,0.0,7.016578196852781,0.6692463717554997,0.055336570177436366
5193,item_cosine,0.0,0.0,0.0,0.7,0.0,7.149590123015949,0.5765213086132686,0.22535092395452352
5198,item_cosine,0.0,0.0,0.0,0.0,0.0,6.883996556165949,0.6643208237862752,0.15192264912840672
5200,item_cosine,0.0,0.0,0.0,0.0,0.0,7.145753519133541,0.6836172590513367,0.11385249626612934
5201,item_cosine,0.0,0.0,0.0,0.75,0.0,6.721009619565419,0.4626851769594098,0.2203347614722799
5217,item_cosine,0.06943122193677728,0.08333333333333333,1.0,0.6666666666666666,0.0,7.02444035566346,0.6673595454193675,0.14554500723110245
5253,item_cosine,0.0,0.0,0.0,0.2857142857142857,0.0,7.236539741896235,0.731797497515249,0.15903819272427258
5286,item_cosine,0.0,0.0,0.0,0.0,0.0,7.247886475938276,0.6955422432929798,0.04160945748037505
5341,item_cosine,0.0,0.0,0.0,0.0,0.0,7.44214182183858,0.745900047439215,0.19325285495189642
5365,item_cosine,0.0,0.0,0.0,0.25,0.0,6.86593654938323,0.5897590678372069,0.15788793844321908
5366,item_cosine,0.0,0.0,0.0,1.0,0.0,7.116880142512419,0.702297019050552,0.21925400623067595
5372,item_cosine,0.14201905717762706,0.10526315789473684,1.0,0.7894736842105263,0.0,6.696341326350496,0.5107414809998632,0.32237038209081076
5402,item_cosine,0.0,0.0,0.0,0.6,0.0,7.495066687359942,0.7256188086142144,0.15024934583267863
5412,item_cosine,0.11751610475642714,0.25,1.0,1.0,0.0,6.70441970425689,0.4487326931994041,0.25328747344023245
5422,item_cosine,0.0,0.0,0.0,1.0,0.0,6.965887575657722,0.6426255295960973,0.07763328269766703
5449,item_cosine,0.0,0.0,0.0,0.3333333333333333,0.0,6.861384030256465,0.5942676495216053,0.12899496779211697
5462,item_cosine,0.0,0.0,0.0,0.0,0.0,6.810674278913943,0.526247801253666,0.094572178191068
5481,item_cosine,0.36792125721353286,0.06976744186046512,1.0,0.5116279069767442,0.0,7.90253020850284,0.7565478000004073,0.118200833224346
5503,item_cosine,0.5087403079104241,0.4,1.0,0.8,0.0,6.957921533654483,0.58958419631529,0.16148095666436008
5522,item_cosine,0.0,0.0,0.0,1.0,0.0,6.867002414492996,0.5820273210625917,0.09132634225662548
5534,item_cosine,0.0,0.0,0.0,0.3333333333333333,0.1,7.041631721817121,0.601134652830627,0.17670547445846996
5536,item_cosine,0.2162957183053307,0.2857142857142857,1.0,1.0,0.0,6.66598221052913,0.48999443472763393,0.051295122341552826
5538,item_cosine,0.0,0.0,0.0,0.5,0.0,6.866877042958533,0.5838145534828417,0.1992928255530262
5547,item_cosine,0.0,0.0,0.0,1.0,0.0,7.014841697495362,0.6879035387478363,0.05054561156492568
5548,item_cosine,0.0,0.0,0.0,0.3333333333333333,0.0,6.9097787862536375,0.641012797515101,0.05921058716699012
5569,item_cosine,0.0,0.0,0.0,1.0,0.0,7.06935336606738,0.6277762194836778,0.18535473231559635
5583,item_cosine,0.14126697285982898,0.3333333333333333,1.0,1.0,0.4,9.083453306860767,0.7799642594765199,0.014462916493906226
5630,item_cosine,0.0,0.0,0.0,0.0,0.0,6.89588187065127,0.5957381880845641,0.21125334528219816
5648,item_cosine,0.0,0.0,0.0,1.0,0.0,6.8804798376824765,0.6131119154305397,0.16593660974791644
5684,item_cosine,0.0,0.0,0.0,0.5,0.0,6.73440977577892,0.46046181048756263,0.31360639350789443
5687,item_cosine,0.0,0.0,0.0,1.0,0.0,6.980369741098999,0.6527525049243379,0.2684753320892778
5694,item_cosine,0.0,0.0,0.0,1.0,0.0,7.415738171752236,0.6824488040628021,0.034837531060066505
5697,item_cosine,0.0,0.0,0.0,0.5,0.2,7.382880153626632,0.5647343974688067,0.1440893847689032
5706,item_cosine,0.0,0.0,0.0,1.0,0.1,7.34045483067693,0.6994543484205811,0.17936748791459997
5766,item_cosine,0.0,0.0,0.0,0.5,0.0,6.812177586457421,0.47455498796847606,0.3863533112793307
5786,item_cosine,0.0,0.0,0.0,0.4,0.0,6.655068458755318,0.42442727634404376,0.2009554660418742
5792,item_cosine,0.0,0.0,0.0,1.0,0.0,6.9032962386885455,0.4845889919271883,0.26355684865911616
5805,item_cosine,0.0,0.0,0.0,0.5263157894736842,0.0,6.830754903672416,0.5807051512518892,0.0812153310142865
5817,item_cosine,0.0,0.0,0.0,0.5483870967741935,0.0,7.116757556515592,0.7174278884260223,0.2796911198253323
5820,item_cosine,0.0,0.0,0.0,0.0,0.0,6.688104026863106,0.4930798711200661,0.11775615347360488
5838,item_cosine,0.6713860725233041,0.6666666666666666,1.0,1.0,0.0,6.987670812416189,0.612833246772327,0.14822393035249454
5862,item_cosine,0.2837125544970319,0.16666666666666666,1.0,0.6666666666666666,0.0,7.204508767275684,0.6803929693767091,0.09075267440209776
5884,item_cosine,0.0,0.0,0.0,0.0,0.1,7.173384385662421,0.5145363099310705,0.29468540195799026
5885,item_cosine,0.0,0.0,0.0,0.7777777777777778,0.0,6.676229531619105,0.5421080502041796,0.210507105377121
5917,item_cosine,0.0,0.0,0.0,0.7777777777777778,0.1,7.138652036734966,0.6620067824156028,0.16871819297437257
5920,item_cosine,0.0,0.0,0.0,0.0,0.0,7.120510859041613,0.6927790527418252,0.2602819785295589
5924,item_cosine,0.0,0.0,0.0,0.6666666666666666,0.0,6.972584800052348,0.6137584234826094,0.13393925909579363
7821,item_cosine,0.08671382849411972,0.14285714285714285,1.0,0.7142857142857143,0.0,7.316272671517757,0.7559956117290401,0.1873316124912752
18,als,0.0,0.0,0.0,0.0,0.1,8.147877405467892,0.8034123327220053,0.058048678598892386
31,als,0.0,0.0,0.0,0.5,0.4,9.083340367480925,0.8019394575141978,0.094432675714465
36,als,0.0,0.0,0.0,0.8,0.0,7.027442898658448,0.521635956482427,0.1416894008118979
43,als,0.0,0.0,0.0,0.0,0.1,7.971910765142594,0.7762772288221172,0.035352977977903086
54,als,1.0,1.0,1.0,1.0,0.0,7.847925253399095,0.7752517763384505,0.1296464499413842
55,als,0.4448530294934503,0.2857142857142857,1.0,1.0,0.0,7.981534165219321,0.75976754590907,0.026060562327149157
79,als,0.0,0.0,0.0,0.75,0.1,8.276921475664242,0.8105850286684682,0.34368696892286427
89,als,0.0,0.0,0.0,1.0,0.2,8.660339347554547,0.8417256416082874,0.051036236375221145
90,als,0.19342640361727081,0.5,1.0,1.0,0.0,8.395290337859095,0.8352994166511363,0.08697383323060665
104,als,0.19519002499605084,0.25,1.0,0.5,0.2,8.807338060106712,0.86131015178306,0.23350348383757843
133,als,0.0,0.0,0.0,1.0,0.0,8.381884501236568,0.8371241318396299,0.06794248323802857
151,als,0.0,0.0,0.0,1.0,0.0,7.647336903374688,0.7337196019853075,0.09694272024903713
182,als,0.0,0.0,0.0,0.4,0.0,8.17880773692213,0.8149543954417604,0.17503315787673562
205,als,0.0,0.0,0.0,1.0,0.0,7.618292620995989,0.7549921191142147,0.0387182912570976
222,als,0.0,0.0,0.0,0.0,0.0,7.834612187744246,0.7862028201722886,0.1685611550178672
242,als,0.0,0.0,0.0,0.0,0.0,8.074062811712448,0.8208625870583945,0.08792230584492629
246,als,0.0,0.0,0.0,0.5,0.4,8.645935518871104,0.8831541285978227,0.06452127198802157
258,als,0.23573241784227988,0.25,1.0,1.0,0.0,8.185871908963694,0.8261681269501363,0.14494746886391685
279,als,0.0,0.0,0.0,0.5,0.7,9.629030240723425,0.7826404679536643,0.15992606056290185
293,als,0.0,0.0,0.0,1.0,0.0,7.519689519217368,0.7684565430625359,0.2089630379347266
314,als,0.0,0.0,0.0,0.5,0.3,9.034622061091431,0.8728107745041656,0.10266251440206045
322,als,0.0,0.0,0.0,1.0,0.3,8.773647985923809,0.8157340264416424,0.051508095008193006
335,als,0.16812753627111746,0.25,1.0,0.5,0.2,8.96770084191113,0.8707347829819201,0.09720975833204981
339,als,0.0,0.0,0.0,1.0,0.0,8.32292422019081,0.7771987991831264,0.08164553282922447
345,als,0.14876390584057272,0.10526315789473684,1.0,0.631578947368421,0.1,8.490725989662248,0.8397736560319762,0.05091006170717918
383,als,0.0,0.0,0.0,0.0,0.4,8.718243852315231,0.8023034826101976,0.21778971470344435
385,als,0.2890648263178879,1.0,1.0,1.0,0.0,7.890945650656491,0.7829261595101109,0.11674497955365697
392,als,0.0,0.0,0.0,0.5,0.1,8.243706964149819,0.8081430562709031,0.10115013695069885
394,als,0.18457569677956817,0.5,1.0,1.0,0.0,7.538133057799459,0.772619545932652,0.08007685257856814
396,als,0.0,0.0,0.0,1.0,0.2,8.602971350153524,0.8763273340127009,0.10605947753378414
401,als,0.09162544430476362,0.14285714285714285,1.0,0.7142857142857143,0.3,8.741714428014356,0.8664236520758362,0.08872978929847791
404,als,0.15101961822780524,0.25,1.0,1.0,0.5,9.193483760698957,0.8401856391371255,0.04758531945192971
407,als,0.0,0.0,0.0,1.0,0.2,8.659071904298774,0.7938016069602918,0.13117090724965721
427,als,0.0,0.0,0.0,1.0,0.1,8.724530305563768,0.8653775244726802,0.09502671450875842
428,als,0.0,0.0,0.0,0.0,0.4,9.076050540258898,0.8312655134884562,0.14436418629281503
448,als,0.0,0.0,0.0,0.25,0.0,7.570064599216607,0.6970748058192762,0.06188732122851691
488,als,0.14126697285982898,0.3333333333333333,1.0,1.0,0.2,8.272773980013064,0.8413262245117648,0.10860296145848124
508,als,0.0,0.0,0.0,1.0,0.0,7.670389586834743,0.7718918544020421,0.0664749411597421
510,als,0.0,0.0,0.0,0.8,0.0,7.82451679390528,0.7453766369529243,0.026030603522878233
515,als,0.0,0.0,0.0,1.0,0.1,8.728366208020951,0.7783220790739518,0.011852644478987965
525,als,0.0,0.0,0.0,0.3333333333333333,0.3,8.511842059810366,0.8727882875937526,0.06560006216535332
555,als,0.0,0.0,0.0,0.42857142857142855,0.1,7.776746311648315,0.7193163492012966,0.07552198796370904
558,als,0.0,0.0,0.0,1.0,0.4,8.628545338415027,0.8552923981864753,0.09345523684409314
559,als,0.17108252373753102,0.2857142857142857,1.0,0.8571428571428571,0.3,8.886313370693903,0.88645775300572,0.15486645170594604
562,als,0.0,0.0,0.0,1.0,0.5,9.179506898449755,0.8760402521635905,0.030809317653515796
566,als,0.19342640361727081,0.5,1.0,1.0,0.0,8.118955790431283,0.8069790646417005,0.10873417037445214
575,als,0.07336392209936006,0.07692307692307693,1.0,0.6153846153846154,0.0,7.467716523311265,0.6751635887357245,0.0796628034240738
595,als,0.0,0.0,0.0,0.5,0.1,8.682072089481787,0.8955218208238336,0.03746418187183548
610,als,0.0,0.0,0.0,1.0,0.2,8.692649663127408,0.8621705531949302,0.07291716487700375
632,als,0.0,0.0,0.0,1.0,0.1,7.745662247057548,0.7705990498703748,0.09949918107887545
635,als,0.0,0.0,0.0,1.0,0.0,8.379941141879325,0.8238102237061475,0.016487188926037268
637,als,0.4599715079731103,0.4,1.0,0.6,0.1,8.564177415710107,0.8676620544832807,0.09229990471181923
646,als,0.0,0.0,0.0,0.0,0.3,9.220287496599955,0.8235805932350397,0.06775235858714235
656,als,0.0,0.0,0.0,0.8,0.0,8.623516198748451,0.8697459071218656,0.026669216844762724
662,als,0.0,0.0,0.0,0.8,0.1,8.06498490303468,0.781990494085711,0.14577516679133934
665,als,0.0,0.0,0.0,1.0,0.3,8.396505529109039,0.827484738441833,0.08977176288071578
676,als,0.0,0.0,0.0,0.0,0.1,8.583037367697864,0.8588129336373941,0.045083042486172835
701,als,0.13905617951077562,0.25,1.0,0.5,0.9,10.03608005824532,0.9168653071637094,0.13203930500250557
709,als,0.0,0.0,0.0,0.5,0.2,8.950828416254051,0.8845313734692505,0.12049786860139991
740,als,0.0,0.0,0.0,1.0,0.2,8.72568741139549,0.8916630124138355,0.09641040609054535
745,als,0.0,0.0,0.0,1.0,0.2,8.65230277572461,0.847383787171764,0.07801065895504886
759,als,0.2960819109658652,0.3333333333333333,1.0,1.0,0.0,8.149641371306807,0.8399752683282928,0.06935040431328077
773,als,0.0,0.0,0.0,0.5,0.5,9.281420946516409,0.8952025744120176,0.03889266272776849
795,als,0.0,0.0,0.0,0.0,0.1,8.154290133371635,0.7722594170331581,0.024785900587986787
812,als,0.0,0.0,0.0,0.0,0.2,8.426750927891657,0.8448791565099747,0.05760466004577637
820,als,0.0,0.0,0.0,0.3333333333333333,0.6,9.338306089184533,0.7513748855918243,0.011624148558463141
828,als,0.0,0.0,0.0,0.0,0.2,8.722820884546342,0.8400345983271252,0.20313260483304418
829,als,0.1089364926177559,0.125,1.0,0.5,0.2,8.861015570505593,0.8818469160643536,0.17444051044886
840,als,0.0,0.0,0.0,1.0,0.2,7.5659765961384995,0.6010744248839374,0.08688713470998613
852,als,0.0,0.0,0.0,0.25,0.1,8.34577751129748,0.8230805067421366,0.01382029720746472
853,als,0.0,0.0,0.0,1.0,0.6,9.416538283910244,0.926852061622687,0.11427903769703715
857,als,0.0,0.0,0.0,0.75,0.5,9.00063700606356,0.8148430710197934,0.20823385164104413
860,als,0.1100458831490401,0.045454545454545456,1.0,0.36363636363636365,0.4,9.188000960928534,0.8329836414172158,0.10167611593798406
896,als,0.21840743681816419,0.5,1.0,1.0,0.3,8.82529570066877,0.876185312302373,0.04988614745864613
899,als,0.0,0.0,0.0,1.0,0.0,7.386849023148412,0.6630667240089939,0.11930118993935565
925,als,0.0,0.0,0.0,0.0,0.0,7.238861987091267,0.6530066246034969,0.08555595957777745
934,als,0.0,0.0,0.0,0.8,0.0,7.711361108969291,0.7516692426287439,0.07010251348090157
944,als,0.0,0.0,0.0,0.7142857142857143,0.0,8.40543499503993,0.7870174494335124,0.2651887920513156
946,als,0.0,0.0,0.0,1.0,0.0,7.612489896170496,0.77857704034056,0.15036982146310804
953,als,0.0,0.0,0.0,1.0,0.7,9.421025084474229,0.9173210774912045,0.1114534749815116
975,als,0.3853585682515056,0.5,1.0,1.0,0.1,8.146066925467611,0.8072304974709831,0.1950679476356892
990,als,0.0,0.0,0.0,1.0,0.0,8.106658965460905,0.7772549199622726,0.023449762796606394
1007,als,0.0,0.0,0.0,0.5,0.2,8.798445320531277,0.8517581105326508,0.1638449799552098
1030,als,0.0,0.0,0.0,0.0,0.0,8.019644102815938,0.8086903357158394,0.10360163008229209
1061,als,0.18154179253735267,0.3333333333333333,1.0,1.0,0.1,8.554312514751228,0.880576464511468,0.07427307489981423
1063,als,0.0,0.0,0.0,1.0,0.0,8.27981874836011,0.8260884263641041,0.22640978644463658
1096,als,0.0,0.0,0.0,1.0,0.2,8.527571653858935,0.8729903919088856,0.07563514853506861
1115,als,0.2960819109658652,0.3333333333333333,1.0,1.0,0.5,8.665357674631139,0.8788157534461699,0.153254816131808
1143,als,0.0,0.0,0.0,0.0,0.0,8.001024768556304,0.8471894018904056,0.1041615451786758
1157,als,0.13565197343244778,0.3333333333333333,1.0,0.6666666666666666,0.5,9.337184376289773,0.9380934951917453,0.08963585295337206
1166,als,0.0,0.0,0.0,1.0,0.0,8.552517827244685,0.8384407555942627,0.08229688284939501
1173,als,0.0,0.0,0.0,0.0,0.1,8.79967495427614,0.8843767463036958,0.05203823301862892
1198,als,0.0,0.0,0.0,1.0,0.1,8.23446712210512,0.7678427201743231,0.08607460030778526
1206,als,0.0,0.0,0.0,1.0,0.0,7.204673545267326,0.6497509046820863,0.12387901484674903
1247,als,0.4132054153230855,0.19230769230769232,1.0,0.6538461538461539,0.1,7.381380337570367,0.5549278445677444,0.23886831827776178
1258,als,0.24738635904833417,0.3333333333333333,1.0,1.0,0.2,8.337129729367183,0.8139267892152089,0.13267363265748816
1271,als,0.0,0.0,0.0,1.0,0.0,8.3430937468284,0.8185789996564328,0.029426564036588884
1276,als,0.0,0.0,0.0,0.5,0.0,7.991365935221135,0.818805619324952,0.16789163520590064
1287,als,0.0,0.0,0.0,1.0,0.2,8.895703003887574,0.868397661751169,0.14853201367408084
1294,als,0.1175227747072427,0.1111111111111111,1.0,0.6666666666666666,0.0,7.669748204558803,0.7803569701017591,0.10131519202185767
1311,als,0.0,0.0,0.0,0.0,0.6,9.4223184307697,0.80234115026714,0.022348990182018406
1321,als,0.0,0.0,0.0,1.0,0.2,8.589848131795922,0.8482202874056182,0.1316857998318101
1328,als,0.0,0.0,0.0,0.0,0.2,9.141932445745429,0.8864613059509511,0.1368229380496489
1346,als,0.0,0.0,0.0,1.0,0.0,8.263266931503486,0.8421848066456503,0.061679379258668954
1357,als,0.0,0.0,0.0,0.0,0.1,8.42122408511229,0.829304054641712,0.028869842964067152
1362,als,0.0,0.0,0.0,0.4,0.3,8.707558271398263,0.7804826581304607,0.1041564398407913
1375,als,0.0,0.0,0.0,0.5,0.6,9.079640771339825,0.8241177998184118,0.019938750148464135
1390,als,0.0,0.0,0.0,1.0,0.0,8.166725028583397,0.8330672487708654,0.04637323818947538
1414,als,0.0,0.0,0.0,1.0,0.0,7.573603403870223,0.7668194973457748,0.11962326568646858
1417,als,0.0,0.0,0.0,1.0,0.2,8.650891183539438,0.8615145803186409,0.08573723298287775
1422,als,0.0,0.0,0.0,0.6,0.1,8.493154213396673,0.8472229510134027,0.06587044179203093
1430,als,0.09478836436955079,0.05263157894736842,1.0,0.2631578947368421,0.1,8.737557423301594,0.8464458164238722,0.05983589215765014
1433,als,0.5413996682199069,0.5,1.0,0.75,0.1,8.200447562552501,0.817037023917863,0.056421202300522076
1444,als,0.0,0.0,0.0,0.0,0.1,7.998030816899126,0.8050560042230317,0.07033648166091176
1464,als,0.0,0.0,0.0,0.6666666666666666,0.1,8.178111469442683,0.7695647573784257,0.26846441389778714
1468,als,0.0,0.0,0.0,1.0,0.1,8.563007500623446,0.8474314948816944,0.03321285203540286
1476,als,0.2640681225725909,0.5,1.0,0.5,0.0,7.9686921684687775,0.8206931381332527,0.045719534336538505
1508,als,0.0,0.0,0.0,0.5,0.0,8.48461575133648,0.8435284355646913,0.0469734504381792
1518,als,0.0,0.0,0.0,0.5,0.1,7.668804435336929,0.7758188352766925,0.18206829650460776
1540,als,0.0,0.0,0.0,0.8333333333333334,0.2,8.187078185055721,0.8295298139146978,0.22743178919310053
1545,als,0.0,0.0,0.0,1.0,0.0,8.214340543727157,0.8124236874546003,0.06877699750098006
1555,als,0.0,0.0,0.0,0.5,0.1,8.35256776304219,0.8348749773162663,0.07858971789605672
1565,als,0.0,0.0,0.0,0.0,0.1,7.8249598125671485,0.821508458025829,0.04627250484851082
1574,als,0.0,0.0,0.0,0.5,0.3,8.916979290629003,0.8862349653589989,0.042163309894387026
1606,als,0.0,0.0,0.0,1.0,0.0,6.960950064030735,0.6067505006377445,0.05995696459849502
1609,als,0.0,0.0,0.0,0.25,0.0,8.506015999111439,0.8630299839913984,0.037689515807337856
1642,als,0.0,0.0,0.0,1.0,0.4,9.100603908693056,0.8667307903587409,0.1245972986206297
1648,als,0.0,0.0,0.0,0.6666666666666666,0.0,7.677127738802815,0.7708391180373012,0.06616329450838364
1655,als,0.07834851647149513,0.1111111111111111,1.0,0.6666666666666666,0.0,7.840757627680861,0.7383728588698162,0.15963952298841613
1672,als,0.5,1.0,1.0,1.0,0.5,9.370749591615855,0.9051026264062272,0.03425775501126312
1680,als,0.0,0.0,0.0,1.0,0.0,8.01474497934148,0.7675740579257537,0.10885913046804811
1705,als,0.0,0.0,0.0,1.0,0.3,8.817683234075806,0.8921423162877123,0.0924816964376681
1706,als,0.0,0.0,0.0,1.0,0.0,8.597936970040042,0.8192401852871101,0.08450152646599465
1713,als,0.2890648263178879,1.0,1.0,1.0,0.1,8.252052585196683,0.8424677439817225,0.086220012064574
1731,als,0.0,0.0,0.0,0.0,0.1,7.999164292827163,0.8151090905958773,0.06803755691124384
1734,als,0.0,0.0,0.0,1.0,0.6,9.22870103694012,0.6769750869667724,0.06144350259915677
1740,als,0.0,0.0,0.0,1.0,0.0,8.413383166024973,0.7979220458828808,0.032094498539023714
1741,als,0.07336392209936006,0.0625,1.0,0.75,0.1,8.69242214072114,0.875093210129648,0.05728037164744494
1743,als,0.0,0.0,0.0,0.0,0.1,7.863331060182725,0.7416453267102969,0.12133384267215234
1751,als,0.0,0.0,0.0,1.0,0.3,8.195202364454971,0.8458142273573156,0.013506205572301871
1752,als,0.0,0.0,0.0,0.0,0.3,9.104509103050994,0.8948037386039357,0.018009714517038516
1777,als,0.0,0.0,0.0,1.0,0.0,7.899578463819654,0.7988301804785143,0.13135137958782897
1789,als,0.0,0.0,0.0,0.2857142857142857,0.0,8.017150131197244,0.751813353183284,0.07776671455009067
1792,als,0.0,0.0,0.0,0.15384615384615385,0.1,8.29851911096998,0.8264452684174751,0.35970722842052144
1794,als,0.0,0.0,0.0,0.0,0.1,8.352244629092946,0.8712151342352348,0.09272089866305565
1806,als,0.0,0.0,0.0,0.75,0.0,7.737358604256853,0.8096070831883078,0.05963009220605641
1811,als,0.0,0.0,0.0,0.5,0.0,8.012258323445915,0.7923699397921113,0.049540802142327194
1819,als,0.0,0.0,0.0,0.0,0.2,7.845993404464188,0.7907781786761907,0.053110332803561464
1823,als,0.0,0.0,0.0,1.0,0.0,8.367849192345146,0.8333052644835902,0.05100432971751927
1847,als,0.0,0.0,0.0,0.7692307692307693,0.0,8.260390071691237,0.8669528638472153,0.03556950827848736
1856,als,0.0,0.0,0.0,1.0,0.0,7.241441135971785,0.6834612922268949,0.15871182243694243
1873,als,0.0,0.0,0.0,1.0,0.0,7.7218162835321795,0.7914716916542415,0.01789602515364844
1876,als,0.0,0.0,0.0,0.0,0.1,8.281447375653585,0.7869191543968515,0.15343949098969767
1878,als,0.0,0.0,0.0,0.5,0.1,8.663926074219674,0.8481324102888782,0.058179242498964424
1886,als,0.0,0.0,0.0,1.0,0.0,8.08636558113875,0.7860839072243206,0.050791173093533266
1916,als,0.0,0.0,0.0,0.5,0.0,7.7741542284035585,0.7633481010097612,0.053014267864459744
1933,als,0.0,0.0,0.0,0.8,0.0,7.454147651226028,0.7643023305350211,0.13658201744074497
1939,als,0.0,0.0,0.0,1.0,0.1,8.405251741329257,0.8432823381292853,0.026835480704598225
2000,als,0.1559378792798317,0.25,1.0,0.875,0.0,8.030335755218902,0.8159001679262865,0.08918950005250947
2021,als,0.0,0.0,0.0,1.0,0.1,7.0519267505567935,0.5835936658150296,0.1585534155573583
2026,als,0.0,0.0,0.0,0.6666666666666666,0.0,7.8641581140191095,0.7847418733886123,0.020879412388999763
2031,als,0.0,0.0,0.0,0.4,0.1,8.383347192130016,0.8720139175224109,0.10925821940888332
2042,als,0.0,0.0,0.0,1.0,0.0,7.633866854324275,0.7716318360286963,0.02532021688167115
2046,als,0.0,0.0,0.0,0.2857142857142857,0.0,8.161795638971235,0.8636905041964382,0.05446760103934323
2063,als,0.0,0.0,0.0,1.0,0.0,8.045802957783426,0.7819594454678127,0.14108659277051344
2067,als,0.3562071871080222,1.0,1.0,1.0,0.1,8.074409543375486,0.8056114833873775,0.06786477386054203
2068,als,0.0,0.0,0.0,1.0,0.0,7.491767993155219,0.6968398270588727,0.1246147411809454
2070,als,0.0,0.0,0.0,0.0,0.4,9.122883884770022,0.7547076112174653,0.08970960688960178
2078,als,0.0,0.0,0.0,1.0,0.1,7.923283418914906,0.7964015226456975,0.062150568766262
2079,als,0.0,0.0,0.0,0.6666666666666666,0.0,8.197638551152261,0.815310765522593,0.07717312117167438
2089,als,0.0,0.0,0.0,1.0,0.0,7.610173608934924,0.7817856011642139,0.1760910975189881
2095,als,0.0,0.0,0.0,0.0,0.5,9.459017833572132,0.92088834923482,0.10866760266282681
2096,als,0.45221360703148816,0.4,1.0,0.6,0.2,8.35371149864425,0.7695698094755233,0.20245953950870127
2105,als,0.0,0.0,0.0,1.0,0.1,8.074502656278666,0.7984226958824483,0.02951997226191653
2108,als,0.46927872602275644,0.3333333333333333,1.0,0.6666666666666666,0.2,8.470795612248711,0.8587447250523093,0.03433684685243148
2145,als,0.0,0.0,0.0,1.0,0.0,8.363843587851841,0.8398176035058764,0.04192524516861397
2153,als,0.38685280723454163,0.5,1.0,1.0,0.3,8.298151123000547,0.8541541717687079,0.23026146281255946
2176,als,0.07336392209936006,0.09090909090909091,1.0,0.8181818181818182,0.0,7.228546995718827,0.6786016163384246,0.14545371368280652
2186,als,0.0,0.0,0.0,0.5,0.0,7.934808304193401,0.7975116988521561,0.0670077681748083
2198,als,0.0,0.0,0.0,1.0,0.0,8.13918326537998,0.8228219131697727,0.09386685898560859
2204,als,0.0,0.0,0.0,1.0,0.1,8.236904196012082,0.832180098520553,0.1539878196012959
2214,als,1.0,1.0,1.0,1.0,0.3,8.611508363578235,0.8260272544337168,0.059373210465464205
2219,als,0.0,0.0,0.0,0.0,0.0,7.29057411791336,0.7180483337484493,0.21447499218446625
2223,als,0.0,0.0,0.0,0.0,0.3,8.792035719508004,0.8017407665223765,0.11471431754295197
2225,als,0.6131471927654584,0.5,1.0,0.5,0.3,8.680100950163169,0.8082567228886108,0.19050251152993072
2233,als,0.0,0.0,0.0,1.0,0.1,8.361880732549299,0.838621005060775,0.12280442287026004
2237,als,0.0,0.0,0.0,1.0,0.0,8.376831151934264,0.8542879089305516,0.08342861154665891
2260,als,0.0,0.0,0.0,1.0,0.1,8.044050338367306,0.8313922160924238,0.057849124951548564
2261,als,0.0,0.0,0.0,0.6666666666666666,0.5,9.273131836378408,0.9063125375488388,0.12446085775945333
2262,als,0.0,0.0,0.0,0.23076923076923078,0.1,7.618225255546309,0.707535846682407,0.04649416366030359
2268,als,0.0,0.0,0.0,1.0,0.0,8.16876302842891,0.8489644278519302,0.06011450820259336
2277,als,0.0,0.0,0.0,0.2222222222222222,0.0,7.137910588110844,0.6869402002773077,0.16613319512905053
2278,als,0.0,0.0,0.0,0.75,0.0,8.074798405247588,0.7951833194919762,0.056617116875562604
2288,als,0.0,0.0,0.0,0.8333333333333334,0.2,8.642054116131586,0.8693845972126734,0.02445075874787549
2323,als,0.0,0.0,0.0,1.0,0.0,8.179702719138088,0.782932364922903,0.08311871498834628
2338,als,0.0,0.0,0.0,1.0,0.6,9.325331995567096,0.8897801619380435,0.06524356587516385
2339,als,0.0,0.0,0.0,1.0,0.0,8.129862639995824,0.8407565616761357,0.062209127469292226
2344,als,0.0,0.0,0.0,0.5,0.0,7.5047573826506975,0.6890738855267808,0.21961903482121395
2354,als,0.6131471927654584,0.5,1.0,1.0,0.9,10.489971230013547,0.9011117442526773,0.11450880623029996
2366,als,0.0,0.0,0.0,0.5,0.5,9.257952222379803,0.8434824770088515,0.13481289741076705
2381,als,0.0,0.0,0.0,0.0,0.1,8.550175619203356,0.8428834815386125,0.0899767729514253
2399,als,0.0,0.0,0.0,1.0,0.2,8.403256105200429,0.8496269837577134,0.05180845127925779
2404,als,0.0,0.0,0.0,0.6,0.4,9.232634689545696,0.9143021748200714,0.08346948405938033
2437,als,0.0,0.0,0.0,1.0,0.2,8.82135269254946,0.8796906596257297,0.023682115932880474
2445,als,0.0,0.0,0.0,1.0,0.1,8.714652472146952,0.8739112915959097,0.08580720226261238
2448,als,0.0,0.0,0.0,0.0,0.3,8.205441441940264,0.7852566902501639,0.11400067234896676
2455,als,0.0,0.0,0.0,0.6666666666666666,0.0,8.319622329622083,0.8011993856565649,0.031906539222108225
2467,als,0.0,0.0,0.0,1.0,0.3,8.881348901978559,0.8576177592228844,0.10515176177319634
2469,als,0.5,1.0,1.0,1.0,0.5,9.258226460496665,0.9211640699475149,0.10518815117961777
2489,als,0.6886342695939197,0.75,1.0,1.0,0.4,9.041514699804914,0.873413787856104,0.015090545270692902
2493,als,0.0,0.0,0.0,1.0,0.0,8.13966041931791,0.841783444041809,0.03838512190547151
2507,als,0.0,0.0,0.0,0.0,0.0,8.667232992801242,0.8199378875539975,0.08774431408072508
2536,als,0.1480409554829326,0.3333333333333333,1.0,0.6666666666666666,0.2,8.67491557545641,0.869372172106762,0.1046516654615808
2538,als,0.0,0.0,0.0,1.0,0.1,8.062782455737082,0.8324541872937474,0.05892040238852068
2545,als,0.3065735963827292,0.5,1.0,0.5,0.1,7.990873394164,0.7727175464651667,0.10151642509601704
2546,als,0.20210734650054757,0.3333333333333333,1.0,0.3333333333333333,0.0,7.537119438356474,0.777463134722417,0.13904481878892178
2552,als,0.22400556151517556,0.125,1.0,0.625,0.2,8.502241260090429,0.8266909684317119,0.06123549631321562
2557,als,0.13565197343244778,0.3333333333333333,1.0,1.0,0.2,9.01483390409972,0.8331076173276244,0.12399082435460947
2576,als,0.17723928678404774,0.5,1.0,1.0,0.1,8.059110041680464,0.7995346123643244,0.20839344708906646
2579,als,0.0,0.0,0.0,0.0,0.4,8.893788203999872,0.8031839734692184,0.08113459081301924
2599,als,0.21657136003619626,0.25,1.0,0.75,0.1,8.066427621307392,0.8344084000556347,0.035117133361804706
2605,als,0.0,0.0,0.0,0.0,0.4,9.058411253651347,0.9162118873421868,0.08425332833454374
2610,als,0.3052348839397012,0.06896551724137931,1.0,0.8275862068965517,0.1,8.026776659443742,0.8043038807102242,0.033170212391816
2614,als,0.0,0.0,0.0,0.0,0.0,8.504804172969303,0.8476497633210374,0.09779281220396681
2628,als,0.0,0.0,0.0,1.0,0.2,8.680422545299859,0.8597623140206443,0.02922479029487058
2642,als,0.0,0.0,0.0,0.0,0.1,8.476965720105172,0.856269585804576,0.13539464695723175
2643,als,0.0,0.0,0.0,1.0,0.0,8.006749892611062,0.79444872953709,0.08732999699435963
2647,als,0.0,0.0,0.0,0.5,0.4,8.827864509799406,0.8848776673112907,0.03069194192355944
2672,als,0.0,0.0,0.0,0.0,0.2,8.765897270415035,0.8641966760362987,0.04504306000012499
2679,als,0.0,0.0,0.0,0.75,0.4,8.928770968133614,0.8045037779146658,0.19271560075635638
2689,als,0.0,0.0,0.0,0.5,0.2,7.765003271427929,0.7082152134439449,0.14228096385819095
2697,als,0.0,0.0,0.0,0.0,0.1,8.068708514680221,0.8142652518534388,0.1256074971573988
2702,als,0.16927654709047396,0.2222222222222222,1.0,1.0,0.0,7.964661946725397,0.8213664880321895,0.11380935219367194
2740,als,0.0,0.0,0.0,1.0,0.1,8.522355484750108,0.8064144687044451,0.09036718928556867
2751,als,0.0,0.0,0.0,0.75,0.0,7.2078071615923305,0.5386602373921765,0.18071213803886463
2758,als,1.0,1.0,1.0,1.0,0.2,8.846018115306359,0.8734912024935556,0.12434220526123285
2787,als,0.0,0.0,0.0,0.0,0.1,8.21537235263563,0.83920123309886,0.1188757972858346
2790,als,0.0,0.0,0.0,0.8,0.1,8.408809860171521,0.8418151502933189,0.056236484647009415
2792,als,0.0,0.0,0.0,1.0,0.1,8.551944990213945,0.832730941480706,0.07533036522463579
2793,als,0.0,0.0,0.0,1.0,0.0,8.162655978257762,0.8451045764792666,0.04115519149232199
2803,als,0.0,0.0,0.0,1.0,0.0,8.207988079391827,0.8284919457983728,0.05695666766514678
2820,als,0.0,0.0,0.0,1.0,0.1,8.199607259683475,0.7786836869544869,0.11902598324770622
2829,als,0.10699313236726378,0.2,1.0,1.0,0.0,7.631123537354381,0.7571731678816259,0.07407979377966459
2837,als,0.0,0.0,0.0,0.5,0.4,8.91141546075643,0.888579967109447,0.08065494340481034
2845,als,0.0,0.0,0.0,0.0,0.0,7.651445748108621,0.7532284253961162,0.1488929594720538
2853,als,0.0,0.0,0.0,0.5,0.0,7.778232261865537,0.7816017867344103,0.10278130565715227
2858,als,0.0,0.0,0.0,1.0,0.0,8.18915656043523,0.8283299957066274,0.028998500150489583
2859,als,0.0,0.0,0.0,1.0,0.4,9.092360427292578,0.8966523566571947,0.07095849282719045
2870,als,0.0,0.0,0.0,1.0,0.0,7.868983597360339,0.8021161630794896,0.10176380641216388
2878,als,0.2532778777010656,0.5,1.0,0.75,0.2,8.85026186801694,0.8307065988729402,0.0932800870985061
2886,als,0.0,0.0,0.0,1.0,0.0,8.054705040768315,0.8008390077722511,0.044692416121529535
2888,als,0.0,0.0,0.0,0.0,0.0,8.673715517129429,0.8815273544912278,0.051671891967919104
2909,als,0.13905617951077562,0.25,1.0,0.75,0.0,8.175528991806985,0.8576643584962566,0.06605055733891127
2925,als,0.0,0.0,0.0,1.0,0.4,9.037214178904698,0.8822279588119477,0.267843777279863
2928,als,0.3010299956639812,1.0,1.0,1.0,0.2,8.398873131261599,0.8585725326720685,0.0900535339602727
2940,als,0.0,0.0,0.0,0.0,0.0,8.019386777913896,0.806191256074361,0.05543492041435518
2951,als,0.0,0.0,0.0,0.0,0.0,8.218370800346623,0.8457337444533577,0.10078835529787109
2966,als,0.10778915452451093,0.16666666666666666,1.0,0.6666666666666666,0.0,7.2978462219630345,0.6120116049725494,0.14236564180870592
2971,als,0.0,0.0,0.0,0.0,0.0,7.237966521794436,0.6973713909624262,0.09099547704761335
2975,als,0.06625422345438904,0.08333333333333333,1.0,0.75,0.0,7.120655615975558,0.6270257088219283,0.10821853200700927
2988,als,0.30260241349881345,0.16666666666666666,1.0,0.5,0.0,7.096403893091315,0.5467555061094038,0.2563333877682396
3005,als,0.10778915452451093,0.16666666666666666,1.0,0.8333333333333334,0.0,7.7654368711843045,0.7971534927742321,0.07166993324351982
3023,als,0.4484679026971164,0.75,1.0,1.0,0.1,8.039732462288542,0.8093973714436216,0.11509172492220421
3025,als,0.0,0.0,0.0,1.0,0.0,8.717327452489481,0.8775004012399368,0.07252829338529224
3042,als,0.513528549750033,0.2857142857142857,1.0,0.5714285714285714,0.0,7.688592205134221,0.7867897291816264,0.17117535605896914
3074,als,0.38685280723454163,0.5,1.0,0.5,0.0,8.584726806924468,0.8879207140340145,0.06220376222831133
3097,als,0.0,0.0,0.0,0.8888888888888888,0.2,8.330297319271406,0.7916516322588298,0.08352003867475431
3116,als,0.0,0.0,0.0,0.5,0.0,7.581649131986256,0.7713966361957705,0.15579587816588883
3126,als,0.0,0.0,0.0,0.5,0.1,7.558322402085271,0.6975049124848228,0.07726033594404014
3129,als,0.0,0.0,0.0,0.0,0.8,9.77516807521673,0.8907740393232129,0.0514990109342884
3136,als,0.0,0.0,0.0,1.0,0.0,8.613704739846765,0.8644706950648577,0.04035746644880048
3139,als,0.13032376591037062,0.16666666666666666,1.0,0.8333333333333334,0.0,7.827920280589919,0.784457474256843,0.03182624584455538
3152,als,0.16716045496620227,0.3333333333333333,1.0,1.0,0.2,8.521353254296228,0.8515127604479301,0.20137139146554772
3157,als,0.0,0.0,0.0,0.0,0.0,8.291166328971734,0.8640606295056055,0.10858799983338545
3165,als,0.0,0.0,0.0,1.0,0.0,7.960154429645554,0.8132059391944066,0.09535918590566592
3168,als,0.0,0.0,0.0,0.6666666666666666,0.1,8.311301807661334,0.8645835293436753,0.12579081581456167
3184,als,0.0,0.0,0.0,0.0,0.3,9.159729336823748,0.8305993750286055,0.11270657507910489
3193,als,0.23463936301137822,0.3333333333333333,1.0,1.0,0.3,8.737509418169221,0.8725279951567688,0.07647926213150762
3207,als,1.0,1.0,1.0,1.0,0.1,8.531873875069536,0.854620098958618,0.0808520860145463
3212,als,0.0,0.0,0.0,0.0,0.4,9.198573861547128,0.8766407216007306,0.09376665191127877
3213,als,0.9469024295259745,1.0,1.0,1.0,0.1,8.503005524056809,0.8595217612191726,0.0299250866038764
3217,als,0.0,0.0,0.0,1.0,0.0,7.517632037933902,0.7640985748019758,0.07601417021657782
3233,als,0.0,0.0,0.0,0.5,0.1,8.617375904317683,0.8597481683730339,0.11726832940926371
3237,als,0.4441228664487979,0.6666666666666666,1.0,1.0,0.0,7.974124153236792,0.8005188564977165,0.09207452234268859
3300,als,0.0,0.0,0.0,0.6666666666666666,0.4,8.63817660344902,0.7941194684935995,0.18660624174823942
3301,als,0.0,0.0,0.0,1.0,0.0,8.111650778659438,0.8241641213993087,0.10539000975106308
3308,als,0.0,0.0,0.0,1.0,0.1,8.620701452537455,0.8417988177651446,0.05271429435806054
3310,als,0.0,0.0,0.0,0.5,0.2,8.233092468745951,0.8263551348795155,0.2184751076601105
3320,als,0.0,0.0,0.0,1.0,0.1,7.768006066441738,0.7297830217768757,0.04597436352768646
3325,als,0.0,0.0,0.0,0.0,0.6,9.388539666006693,0.8863579515063444,0.250783441868234
3326,als,0.0,0.0,0.0,0.35714285714285715,0.5,9.090177582634649,0.7484515333714012,0.07492106240867913
3335,als,0.23463936301137822,0.3333333333333333,1.0,1.0,0.0,7.824998314867054,0.7902865152775351,0.09725902309652026
3338,als,0.0,0.0,0.0,1.0,0.4,8.872727614664877,0.8731647951933394,0.0772519205607736
3369,als,0.0,0.0,0.0,0.6666666666666666,0.2,8.2976139001828,0.7839799601475821,0.2170867396549599
3380,als,0.0,0.0,0.0,0.0,0.3,8.890365542225846,0.7586579994230985,0.13755128953068352
3401,als,0.0,0.0,0.0,0.0,0.0,7.442072163312434,0.7437246345769299,0.08976412605165417
3402,als,0.0,0.0,0.0,0.5,0.5,9.180855802638803,0.7806790478159253,0.017392889058003503
3412,als,0.0,0.0,0.0,1.0,0.1,8.51423873393197,0.8670519595245534,0.07689870783720518
3420,als,0.0,0.0,0.0,1.0,0.0,8.138348664072065,0.7835756057213865,0.02765312620102016
3422,als,0.18873103118020407,0.25,1.0,0.625,0.3,8.178669861670041,0.8047750379769366,0.03535529268901098
3424,als,0.0,0.0,0.0,0.0,0.2,8.160973485030972,0.7858989698088705,0.0951669116799794
3450,als,0.5640920940185894,1.0,1.0,1.0,0.0,8.093119984492755,0.8356985933957338,0.04782858361015478
3486,als,0.0,0.0,0.0,0.6666666666666666,0.0,7.699169021169337,0.7731491012686847,0.11825207781431005
3495,als,0.1396181455537491,0.07407407407407407,1.0,0.4074074074074074,0.4,8.928567507991362,0.8480393539741767,0.09792149808041277
3508,als,0.16958010263680806,0.2,1.0,0.4,0.5,9.045722323419827,0.8627643829440146,0.18770542640043397
3525,als,0.0,0.0,0.0,1.0,0.0,7.975085057003068,0.795421078947789,0.09944196648794626
3527,als,0.21000823726012652,0.2857142857142857,1.0,0.7142857142857143,0.0,8.483189652212653,0.8389497179364543,0.07190781592197115
3532,als,0.0,0.0,0.0,0.6666666666666666,0.0,7.65473442829267,0.7899182992109315,0.0373517785225597
3596,als,0.08514311764162101,0.08333333333333333,1.0,0.9166666666666666,0.5,9.227966112164335,0.8826681642169506,0.12559135936069848
3598,als,0.0,0.0,0.0,1.0,0.1,8.377390562903612,0.8414814202683776,0.17853840423672085
3615,als,0.43067655807339306,1.0,1.0,1.0,0.4,8.421572360265232,0.8507370427579546,0.10849343790054594
3620,als,0.0,0.0,0.0,0.6666666666666666,0.0,7.275547243686573,0.7186255990880552,0.11024683300647041
3624,als,0.0,0.0,0.0,0.0,0.0,8.575075970620738,0.8498786701975417,0.1066932240906218
3628,als,0.0,0.0,0.0,0.0,0.2,8.205988880856482,0.8090353615269579,0.04418853707257222
3638,als,0.1012286082123002,0.1111111111111111,1.0,0.6666666666666666,0.2,8.612875408034217,0.8118176703952106,0.14160826324534787
3666,als,0.0,0.0,0.0,0.5,0.0,7.873019083790268,0.8231013557201879,0.12117714821278892
3672,als,0.0,0.0,0.0,1.0,0.1,8.777320390942766,0.8638841321873358,0.035177141675544026
3679,als,0.0,0.0,0.0,1.0,0.0,8.20330812775575,0.8064483555514761,0.07076900368249753
3682,als,0.49828993591603116,0.25,1.0,0.9375,0.7,9.131567428596005,0.8606064997102618,0.1506201742304555
3705,als,0.0,0.0,0.0,0.0,0.5,8.913729461531773,0.8365808272170747,0.3048298110026087
3711,als,0.0,0.0,0.0,1.0,0.0,8.0457782694417,0.8391596652099775,0.06568673396553656
3726,als,0.0,0.0,0.0,0.6666666666666666,0.1,8.522501974460935,0.8572842111990508,0.07390207048561682
3730,als,0.0,0.0,0.0,0.5,0.0,7.834670687820148,0.7989753928154804,0.19801015101587544
3738,als,0.0,0.0,0.0,0.25,0.3,8.485955198180447,0.8569307956045527,0.16420445329570377
3749,als,0.0,0.0,0.0,0.6,0.8,9.772091494450466,0.7129127472509835,0.24707564072824442
3766,als,0.2863459897524693,0.125,1.0,0.5,0.0,8.724545169514046,0.8460233922741768,0.07274826346294741
3774,als,0.0,0.0,0.0,1.0,0.5,9.24183958460396,0.7663217491628671,0.057775576699360516
3775,als,0.0,0.0,0.0,0.0,0.1,8.263865047160294,0.8454982519136207,0.10413747871990643
3779,als,0.0,0.0,0.0,1.0,0.4,8.872773197506413,0.790637699777914,0.1392692660529547
3783,als,0.0,0.0,0.0,0.6666666666666666,0.1,7.8320687529328765,0.7698445750665664,0.04751122432401205
3807,als,0.0,0.0,0.0,1.0,0.0,7.886678871286852,0.8276846172878028,0.0577851831727943
3811,als,0.10633668103022985,0.14285714285714285,1.0,0.7142857142857143,0.1,8.571517989557815,0.8419183027223854,0.012978870369566018
3815,als,0.0,0.0,0.0,0.6,0.0,8.534703884963651,0.8302817699701737,0.09909217391726555
3839,als,0.0,0.0,0.0,1.0,0.0,7.984824582395011,0.7619425657428659,0.1323626767069383
3849,als,0.11751610475642714,0.25,1.0,1.0,0.1,7.84224147636058,0.7670547499878084,0.06574102515449506
3855,als,0.0,0.0,0.0,1.0,0.0,8.700665953114754,0.8602908050838152,0.1330040101611706
3891,als,0.0,0.0,0.0,0.6666666666666666,0.2,8.21974860191798,0.8329526624281807,0.13522198248158956
3904,als,0.0,0.0,0.0,1.0,0.1,7.677845863821744,0.7197189959974208,0.15328078547514545
3929,als,0.0,0.0,0.0,0.0,0.1,8.130882433809496,0.8386977137875231,0.09397695890726215
3936,als,0.0,0.0,0.0,0.6666666666666666,0.4,9.154345425322193,0.8758350523923699,0.07345930107523678
3956,als,0.15642624200758548,0.3333333333333333,1.0,1.0,0.6,9.701900824182367,0.8795902289502827,0.029126675372437256
3961,als,0.0,0.0,0.0,1.0,0.1,8.482367507042714,0.8789211011878937,0.010855501359718316
3962,als,0.0,0.0,0.0,1.0,0.1,8.03463126458587,0.7880510489493209,0.165671962983845
3973,als,0.0,0.0,0.0,0.35714285714285715,0.6,9.669220228496565,0.6743232391534615,0.259905081607842
3989,als,0.0,0.0,0.0,0.0,0.2,8.655539833981504,0.8093495215283375,0.026241565332465938
4014,als,0.0,0.0,0.0,0.8,0.1,8.18542730423132,0.8383283021952606,0.04479205806989514
4015,als,0.20626588994627676,0.25,1.0,0.625,0.2,8.2425847001075,0.7947972474786487,0.3416809606907143
4024,als,0.0,0.0,0.0,0.6666666666666666,0.0,7.050415601264905,0.4907010441649482,0.23108308720279117
4038,als,0.0,0.0,0.0,0.75,0.3,8.90522739487905,0.863321900082325,0.2201156750191121
4046,als,0.0,0.0,0.0,0.6666666666666666,0.0,7.833414235173221,0.7947461911503151,0.055814104013091066
4054,als,0.0,0.0,0.0,1.0,0.2,8.227512446765092,0.7865859632620871,0.03375706672487312
4055,als,0.0,0.0,0.0,1.0,0.4,9.056582409597203,0.8854283785168131,0.004869853155855951
4063,als,0.0,0.0,0.0,1.0,0.2,8.151194401010313,0.8023395617489307,0.03764214916458721
4066,als,0.30260241349881345,0.16666666666666666,1.0,0.8333333333333334,0.0,8.159732843180073,0.8276632775128081,0.13189801476798826
4074,als,0.0,0.0,0.0,1.0,0.1,8.421953941662673,0.8520660747449778,0.12604836776861983
4148,als,0.0,0.0,0.0,0.6,0.4,8.654506494844163,0.8292840264067085,0.20195529497094186
4165,als,0.3416877728373431,0.42857142857142855,1.0,1.0,0.1,7.905345376813793,0.7739298910514161,0.05959305699906918
4178,als,0.3562071871080222,1.0,1.0,1.0,0.3,8.698500739177176,0.8154858227452413,0.05440708133952845
4200,als,0.0,0.0,0.0,0.8,0.0,7.30507556252217,0.6077157481698772,0.282435089618298
4205,als,0.19519002499605084,0.25,1.0,1.0,0.0,7.6658040960971805,0.7691103901749552,0.11874834021249142
4214,als,0.0,0.0,0.0,0.5,0.8,9.810300653943642,0.8539662479511174,0.2365015377287297
4221,als,0.0,0.0,0.0,1.0,0.0,8.247534005114233,0.8269993924744952,0.07395552608056814
4226,als,0.18457569677956817,0.5,1.0,1.0,0.2,8.538873847351452,0.8431037857836523,0.044231274107586406
4233,als,0.10086747116627115,0.16666666666666666,1.0,1.0,0.0,8.445628575189255,0.8500289562072706,0.09155095364623403
4257,als,0.23599633571930026,0.5,1.0,1.0,0.2,8.299578809696522,0.8099502533041512,0.09260853680072939
4276,als,0.3171937659698004,0.6666666666666666,1.0,1.0,0.7,9.721591584941251,0.7940080274997244,0.023637099864699355
4278,als,0.19215663883127906,0.2222222222222222,1.0,0.8888888888888888,0.2,7.869178072389895,0.741966916989123,0.038651716809413546
4285,als,0.0,0.0,0.0,1.0,0.1,7.941193593719388,0.7794576373860727,0.09592638985821564
4289,als,0.0,0.0,0.0,0.25,0.2,8.916208431482529,0.8579578373708133,0.13119384197508668
4295,als,0.47842151728792737,0.2222222222222222,1.0,0.7777777777777778,0.2,8.266241543133502,0.7768032685071715,0.11023669935784351
4298,als,0.30260241349881345,0.16666666666666666,1.0,0.6666666666666666,0.2,8.88314476850839,0.8632942920985595,0.06733875137090335
4300,als,0.0,0.0,0.0,0.5714285714285714,0.2,8.606520860453717,0.8347119568190715,0.08851118337208477
4308,als,0.12647135138382856,0.125,1.0,0.625,0.0,8.334916209197063,0.8540710163666367,0.02704199165811037
4310,als,0.23719771276929622,0.5,1.0,1.0,0.1,8.818990874633508,0.8712555056060765,0.0529858567159855
4315,als,0.0,0.0,0.0,1.0,0.0,8.618868240701055,0.8449867156375759,0.06277190177476129
4367,als,0.0,0.0,0.0,1.0,0.0,7.550512965123152,0.7540547536926274,0.07681707327206941
4371,als,0.0,0.0,0.0,1.0,0.1,8.454778959897364,0.8327399379498207,0.09435020032706895
4384,als,0.0,0.0,0.0,0.0,0.3,8.830392988455007,0.8333824822367873,0.03820229673918952
4392,als,0.0,0.0,0.0,0.0,0.2,8.581005846869155,0.8484902733274083,0.10962463017063148
4404,als,0.0,0.0,0.0,0.8666666666666667,0.4,8.636219062132735,0.8420707731874164,0.08001348593341859
4408,als,0.0,0.0,0.0,1.0,0.0,8.09425730084277,0.8145402325799259,0.10004467846287815
4415,als,0.18154179253735267,0.3333333333333333,1.0,1.0,0.5,9.534350109095394,0.8420283649727732,0.0204138190790423
4424,als,0.17833927279888334,0.2857142857142857,1.0,0.8571428571428571,0.2,8.636510189004039,0.8097029850551822,0.06347593211883881
4441,als,0.0,0.0,0.0,0.5,0.0,8.079263490812474,0.7994821477669676,0.015364436592697286
4442,als,0.0,0.0,0.0,1.0,0.1,8.690939362446523,0.8021603714959573,0.02610159064603483
4448,als,0.0,0.0,0.0,1.0,0.7,9.73952045996659,0.9259976299227628,0.048948972599329094
4460,als,0.0,0.0,0.0,1.0,0.5,8.923325220850307,0.8365453272382384,0.37685472046276935
4464,als,0.0,0.0,0.0,0.0,0.0,7.833674840396002,0.7664967259636593,0.037707952633147426
4465,als,0.0,0.0,0.0,0.0,0.1,8.279611277362877,0.8465580180481895,0.04441576963231089
4471,als,0.3010299956639812,1.0,1.0,1.0,0.1,8.56435011192696,0.8761199900062124,0.015155306359893107
4474,als,0.19342640361727081,0.5,1.0,1.0,0.1,8.821391628665776,0.8770936908903939,0.0508004841069864
4500,als,0.24890832702259466,0.2,1.0,0.9,0.1,8.358363972397408,0.8206434788392578,0.14130695202574425
4545,als,0.0,0.0,0.0,1.0,0.0,7.257452311893788,0.6705594049304239,0.14192205704397645
4551,als,0.0,0.0,0.0,0.0,0.0,7.829099335374098,0.7907385136663284,0.13263469438369974
4558,als,0.0,0.0,0.0,1.0,0.1,8.38702218125242,0.8629943568928129,0.1349442304522496
4565,als,0.0,0.0,0.0,0.5,0.5,8.87297070586863,0.9093854931172334,0.09538311503974897
4568,als,0.0,0.0,0.0,1.0,0.0,7.841314064809891,0.8233234216061912,0.24990024951675174
4576,als,0.0,0.0,0.0,1.0,0.1,8.335190210930692,0.8300353311004002,0.04416426455440879
4602,als,0.0,0.0,0.0,0.0,0.2,8.089946315178555,0.8047109054058925,0.19041546854868108
4649,als,0.0,0.0,0.0,1.0,0.2,8.795316510663147,0.8803198241434756,0.03828297638275391
4653,als,0.0,0.0,0.0,0.5,0.2,8.775962606420205,0.811280869433531,0.23337655343590358
4666,als,0.0,0.0,0.0,1.0,0.1,7.6633786405156314,0.7244555832444428,0.12815227657496162
4684,als,0.0,0.0,0.0,1.0,0.2,8.669010595035108,0.8627051063355686,0.02864822676033375
4689,als,0.0,0.0,0.0,0.0,0.3,8.59427280606705,0.8397407647566617,0.06738752485918585
4709,als,0.0,0.0,0.0,0.75,0.0,8.049174322060415,0.7906873558650694,0.08365346494890838
4717,als,0.0,0.0,0.0,0.0,0.2,8.494926963747051,0.8419947861882363,0.012875761093450384
4729,als,0.0,0.0,0.0,0.5,0.0,8.376598606288267,0.831471925458857,0.03776803372022467
4730,als,0.0,0.0,0.0,0.0,0.0,7.105407481420021,0.6975512422866317,0.06697459098288637
4735,als,0.0,0.0,0.0,0.5277777777777778,0.0,8.35351973918534,0.8419272088484647,0.2300180166393593
4736,als,0.0,0.0,0.0,0.2,0.2,8.746991007117511,0.8738045034720499,0.07152346112110658
4777,als,0.0,0.0,0.0,0.0,0.3,8.794480973458842,0.8469360969901296,0.20165856195721565
4780,als,0.0,0.0,0.0,1.0,0.7,9.5946808230829,0.7918105066479391,0.0870252804258834
4784,als,0.0,0.0,0.0,0.6,0.0,7.764461708797185,0.7780693511092388,0.03948476081100506
4789,als,0.0,0.0,0.0,1.0,0.0,8.276624378946128,0.7886358004057381,0.06654459096271811
4797,als,0.0,0.0,0.0,1.0,0.2,8.596637737040634,0.8383457841549729,0.11466333978523491
4803,als,0.0,0.0,0.0,1.0,0.4,9.15194282534954,0.8985943686697094,0.051463703132837706
4818,als,0.0,0.0,0.0,0.0,0.0,7.512294330173381,0.7328373758763103,0.11457253667198408
4824,als,0.0,0.0,0.0,0.25,0.1,8.693509749977151,0.8289885917874033,0.07128722707365794
4837,als,0.23719771276929622,0.5,1.0,0.5,0.0,8.430462209950326,0.8294062025983749,0.07246469119142322
4840,als,0.3618791953854131,0.25,1.0,0.625,0.0,8.080915071631804,0.8308569600116636,0.06651384586454465
4853,als,0.0,0.0,0.0,1.0,0.0,8.52931602828528,0.8305922116674749,0.034222526022552754
4877,als,0.0,0.0,0.0,1.0,0.0,8.112188762530756,0.8313600060489619,0.03663276265923571
4885,als,0.0,0.0,0.0,0.0,0.1,8.600789614024608,0.8605933595910875,0.02862475645939876
4886,als,0.0,0.0,0.0,0.7142857142857143,0.1,8.064170417311553,0.8426171820640521,0.09570704936279537
4925,als,0.18457569677956817,0.5,1.0,1.0,0.1,8.100362281603745,0.8164694118468436,0.07268865074392356
4927,als,0.0,0.0,0.0,0.3333333333333333,0.0,7.3019712285270035,0.7157312896317027,0.07036097788106042
4929,als,0.0,0.0,0.0,0.0,0.4,9.034385687838022,0.8824777789179551,0.09812456928868676
4930,als,0.2214161691338287,0.3333333333333333,1.0,0.8333333333333334,0.0,7.883485796253609,0.7792193645762594,0.12099448598560125
4931,als,0.09803928583135704,0.2,1.0,1.0,0.1,8.248222161557457,0.8094406020348793,0.05498184231498909
4937,als,1.0,1.0,1.0,1.0,0.1,7.855325202677912,0.7658855541773272,0.11270102098722039
4946,als,0.0,0.0,0.0,0.5,0.2,8.15859932961359,0.8070066495766489,0.1953844941072526
4965,als,0.0,0.0,0.0,1.0,0.2,8.368990294344915,0.8695751762869836,0.09687405886748465
4968,als,0.42520843362602384,0.2727272727272727,1.0,0.9090909090909091,0.0,8.00815542619048,0.7550182063104116,0.13713466176237107
4975,als,0.0,0.0,0.0,0.75,0.0,8.709806980584819,0.8381907181523562,0.24678884365465886
4979,als,0.20210734650054757,0.3333333333333333,1.0,1.0,0.1,7.613004093482054,0.7835240425148734,0.22348661495130487
4980,als,0.0,0.0,0.0,1.0,0.2,8.658006858061114,0.8692456661686748,0.04244426145358482
4986,als,0.38685280723454163,0.5,1.0,1.0,0.1,7.441698788654224,0.7341731574326973,0.10772055388239905
5029,als,0.0,0.0,0.0,0.0,0.1,8.56538872463707,0.8569578839673532,0.09271610176440685
5035,als,0.0,0.0,0.0,0.5,0.2,8.486202074550432,0.8390226533275347,0.03699197204788488
5043,als,0.0,0.0,0.0,0.0,0.1,8.487493259318233,0.8600107302853168,0.09112335568554841
5051,als,0.0,0.0,0.0,1.0,0.6,9.377299965604474,0.7705618987422488,0.10379781458546337
5070,als,0.2640681225725909,0.5,1.0,0.5,0.3,8.66678919929019,0.8466619473666416,0.04867929555957517
5073,als,0.0,0.0,0.0,1.0,0.1,8.178140272904821,0.7794539587678287,0.053690176414284224
5082,als,0.0,0.0,0.0,0.6666666666666666,0.1,7.696157539633932,0.7647682938520031,0.13243608809480473
5113,als,0.0,0.0,0.0,0.5,0.0,7.816767406595408,0.8217832138066563,0.06297788586939336
5114,als,0.13886244387355456,0.05555555555555555,1.0,0.4444444444444444,0.1,8.628465527109892,0.8776646044500286,0.0671260552924753
5121,als,0.0,0.0,0.0,1.0,0.1,8.390560045612835,0.8611861227854414,0.05926638327726195
5122,als,0.0,0.0,0.0,1.0,0.0,8.240982015623718,0.8005439694081518,0.012643461643495758
5142,als,0.0,0.0,0.0,1.0,0.1,7.767988022752732,0.7892231428764201,0.17627031423303013
5150,als,0.0,0.0,0.0,0.5,0.1,8.492637522801989,0.8300574616815324,0.12432442190467638
5156,als,0.0,0.0,0.0,0.0,0.0,8.16664639302241,0.8436594960969738,0.10470422666627441
5179,als,0.35895421017163476,0.2,1.0,0.7,0.0,7.676326092114541,0.7657747083960623,0.13808126783018584
5180,als,0.0,0.0,0.0,0.7777777777777778,0.2,7.968507933806416,0.8128551674041744,0.08806584416368478
5193,als,0.06362078819895173,0.1,1.0,0.9,0.0,7.0144159326496975,0.5118630621500697,0.25231882382094134
5198,als,0.0,0.0,0.0,1.0,0.0,7.280891231729102,0.7146215483709523,0.10840439137395834
5200,als,0.0,0.0,0.0,0.0,0.6,9.230950749172473,0.816340703857341,0.2469519953947819
5201,als,0.0,0.0,0.0,0.75,0.3,8.654571966887241,0.8151395032791255,0.07105086291182733
5217,als,0.0,0.0,0.0,0.6666666666666666,0.0,7.525271369810943,0.6903255102369295,0.1820005380772327
5253,als,0.0,0.0,0.0,1.0,0.1,7.683798016363532,0.7807219883740703,0.11707175986559681
5286,als,0.0,0.0,0.0,0.0,0.1,8.628071471817885,0.8798614198828718,0.10535015906307843
5341,als,0.0,0.0,0.0,1.0,0.1,8.192689285834351,0.8240466051642088,0.11362943462714083
5365,als,0.0,0.0,0.0,0.625,0.1,8.039956315007153,0.7951727293477628,0.06484705609153196
5366,als,0.2890648263178879,1.0,1.0,1.0,0.0,7.744469852601645,0.7802302795912286,0.1300477484331427
5372,als,0.20829366581033185,0.10526315789473684,1.0,0.7894736842105263,0.1,8.284672833131635,0.8503474284117639,0.09285790514690988
5402,als,0.0,0.0,0.0,0.2,0.8,9.891246242834573,0.9339964658664374,0.1115345886586463
5412,als,0.0,0.0,0.0,0.75,0.0,8.377331991018886,0.8472551870392111,0.0864973926815019
5422,als,0.0,0.0,0.0,1.0,0.2,8.349612540778093,0.8142975725533796,0.04364339492860592
5449,als,0.0,0.0,0.0,0.3333333333333333,0.2,8.064867823234216,0.7957659475337946,0.07702708023989448
5462,als,0.0,0.0,0.0,0.0,0.4,9.052793912281679,0.904794257643135,0.05607204332235507
5481,als,0.16815228646891087,0.046511627906976744,1.0,0.46511627906976744,0.1,8.627605494138532,0.8179886205274758,0.03072248042749146
5503,als,0.227804435066758,0.4,1.0,0.8,0.1,8.206988144142219,0.8189113617568742,0.037582587292402096
5522,als,0.0,0.0,0.0,1.0,0.0,7.710428818758894,0.7908508797755884,0.02403401602258155
5534,als,0.0,0.0,0.0,0.6666666666666666,0.0,8.514032691098132,0.8107728517022534,0.08409851766242518
5536,als,0.08671382849411972,0.14285714285714285,1.0,1.0,0.3,7.856087743469938,0.7312428084821816,0.07864948248176955
5538,als,0.0,0.0,0.0,0.5,0.0,7.247595209732326,0.7346980118155351,0.12664320839258364
5547,als,0.0,0.0,0.0,1.0,0.1,8.145151170069468,0.8206948330735251,0.023367739063048402
5548,als,0.0,0.0,0.0,1.0,0.1,8.240261368440546,0.8288783260531333,0.039181392522484974
5569,als,0.0,0.0,0.0,1.0,0.2,8.904148659853771,0.8926770716903161,0.1476902093618541
5583,als,0.0,0.0,0.0,1.0,0.6,9.936535072413198,0.843117607132109,0.014462916493906226
5630,als,0.0,0.0,0.0,0.5,0.0,8.707649133224663,0.8513476611774448,0.06533581337671
5648,als,0.0,0.0,0.0,1.0,0.0,8.182139885381925,0.8138786285278826,0.045423603885502976
5684,als,0.0,0.0,0.0,1.0,0.3,9.159740437889297,0.9077295825412021,0.10732215580576884
5687,als,0.6131471927654584,0.5,1.0,0.5,0.3,8.863997102835302,0.8797918725624936,0.07308302297730632
5694,als,0.0,0.0,0.0,0.0,0.3,9.076367561219865,0.8096950116487909,0.06388886409968014
5697,als,0.0,0.0,0.0,0.75,0.6,9.547226675972599,0.8818904508062799,0.040087119988748865
5706,als,0.32531670832675136,0.5,1.0,0.75,0.2,8.73565125696071,0.7960808514977643,0.20186497084977525
5766,als,0.0,0.0,0.0,0.25,0.0,7.622439630413791,0.7697975427020733,0.12498360155158425
5786,als,0.0,0.0,0.0,1.0,0.1,8.263141863722167,0.8073519252569226,0.08112439844163544
5792,als,0.0,0.0,0.0,0.0,0.6,9.486138871846325,0.9052413735376128,0.08730135682249564
5805,als,0.0,0.0,0.0,0.47368421052631576,0.0,6.7988238472111915,0.5625063350134913,0.0812153310142865
5817,als,0.0,0.0,0.0,0.45161290322580644,0.0,7.883745086130252,0.7691966656871528,0.14168525876877194
5820,als,0.0,0.0,0.0,0.0,0.4,9.136478336282016,0.9000659673551704,0.1461207497529378
5838,als,0.18154179253735267,0.3333333333333333,1.0,1.0,0.0,8.141419997521156,0.8090233784961074,0.06936361308457521
5862,als,0.2122263659729146,0.16666666666666666,1.0,0.75,0.1,8.67601854538039,0.8715653796859362,0.051456135671286006
5884,als,0.0,0.0,0.0,0.16666666666666666,0.1,8.098915184020802,0.8015338251281194,0.1730281556893392
5885,als,0.0,0.0,0.0,0.8888888888888888,0.3,8.637582519604777,0.8680702455279876,0.07548044244290521
5917,als,0.1012286082123002,0.1111111111111111,1.0,0.8888888888888888,0.6,9.308456375577665,0.8731086155910417,0.1186854706946384
5920,als,0.0,0.0,0.0,1.0,0.2,7.80018628376533,0.7796919498469732,0.31900096800032823
5924,als,0.0,0.0,0.0,0.6666666666666666,0.0,7.736893601222209,0.802999322925128,0.07316935994015712
7821,als,0.0,0.0,0.0,0.7142857142857143,0.0,7.981832522981412,0.8023210389013512,0.14842789531812256
18,blend,0.0,0.0,0.0,0.0,0.0,7.203955216972811,0.7007096042366112,0.13343950776338306
31,blend,0.0,0.0,0.0,0.25,0.1,7.702802768495756,0.753087876870884,0.08259697668627182
36,blend,0.0,0.0,0.0,0.8,0.0,6.710272633033886,0.47445124460902655,0.1083591049543712
43,blend,0.0,0.0,0.0,0.0,0.0,6.776388565662145,0.527443699679126,0.22161931902765705
54,blend,0.6309297535714575,1.0,1.0,1.0,0.0,7.282775468382657,0.715609075754105,0.1448319720306586
55,blend,0.5716349530699038,0.42857142857142855,1.0,0.8571428571428571,0.0,7.278134130366794,0.6862630328008161,0.065834928090884
79,blend,0.0,0.0,0.0,1.0,0.0,7.339742391727188,0.7167649300449784,0.18674868246800122
89,blend,0.0,0.0,0.0,0.0,0.0,7.393055646978821,0.7262751536219267,0.06733746513738713
90,blend,0.20438239758848611,0.5,1.0,1.0,0.0,7.215121430906153,0.6755805797113803,0.10823585500305097
104,blend,0.0,0.0,0.0,0.75,0.0,6.777537663893814,0.46340577154393603,0.2912647479438965
133,blend,0.0,0.0,0.0,1.0,0.0,7.474306789049502,0.7399548260839762,0.051911675058833096
151,blend,0.0,0.0,0.0,0.5,0.0,7.046959195605231,0.6408661342748618,0.11223226630034237
182,blend,0.0,0.0,0.0,0.6,0.0,7.4094471774750925,0.7501869980547414,0.18715193522240214
205,blend,0.0,0.0,0.0,1.0,0.0,7.19727789836454,0.6619556060050066,0.06039660293392946
222,blend,0.0,0.0,0.0,0.0,0.0,7.180961625555621,0.6878236836403964,0.13698841477690807
242,blend,0.0,0.0,0.0,0.0,0.0,6.759754214815954,0.551746636867935,0.12296604044408296
246,blend,0.0,0.0,0.0,0.5,0.0,6.643484945571546,0.48976533323872495,0.07079326846647606
258,blend,0.24968908577726404,0.25,1.0,1.0,0.0,7.2842214653188195,0.7175593691593317,0.2985900258964702
279,blend,0.0,0.0,0.0,1.0,0.5,8.71554176697662,0.7192107325309631,0.06145691873326617
293,blend,0.0,0.0,0.0,0.5,0.0,7.207087758572593,0.7366337317831967,0.12871932163294328
314,blend,0.0,0.0,0.0,1.0,0.0,7.035333661539397,0.6516006450767184,0.2120116759172157
322,blend,0.0,0.0,0.0,1.0,0.1,7.2146437199805264,0.6130447119310483,0.26201189186716495
335,blend,0.0,0.0,0.0,0.5,0.0,7.315589255358587,0.6335971750269976,0.14991188348415616
339,blend,0.0,0.0,0.0,1.0,0.0,7.354526974012136,0.6869872129654018,0.06303390150047411
345,blend,0.0,0.0,0.0,0.8421052631578947,0.0,6.9583112813209,0.6718981285887702,0.1614564974906027
383,blend,0.0,0.0,0.0,0.5,0.0,7.171784103547244,0.7100550829716681,0.10782678756902296
385,blend,1.0,1.0,1.0,1.0,0.0,7.209432451508832,0.7236154972468309,0.12954599855983334
392,blend,0.0,0.0,0.0,0.5,0.0,7.49561730066701,0.7460876727637813,0.042740880647712115
394,blend,0.0,0.0,0.0,0.5,0.0,6.994382924490154,0.6888622362803257,0.06620529738617989
396,blend,0.0,0.0,0.0,1.0,0.0,7.30195538751402,0.7306876857489183,0.18171134182009793
401,blend,0.7562251525126246,0.7142857142857143,1.0,0.7142857142857143,0.0,6.70910995842988,0.446489322587436,0.16613372401829807
404,blend,0.16812753627111746,0.25,1.0,1.0,0.0,7.506526566366981,0.7022844132229276,0.04758531945192971
407,blend,0.0,0.0,0.0,1.0,0.0,6.8396042386749105,0.5892078004690856,0.20610189347187022
427,blend,0.0,0.0,0.0,1.0,0.0,7.008622597397185,0.6759186426193361,0.3033728015356657
428,blend,0.0,0.0,0.0,0.0,0.1,8.026109500378874,0.769910618450181,0.11055556590156933
448,blend,0.0,0.0,0.0,0.5,0.0,7.118528920227573,0.6567312253226156,0.06627858981992134
488,blend,0.0,0.0,0.0,1.0,0.0,7.351485342485465,0.7218326552491199,0.15505141187968768
508,blend,0.0,0.0,0.0,0.5,0.0,6.695851863684808,0.4868546866281398,0.1759583069990358
510,blend,0.0,0.0,0.0,0.8,0.0,7.285063701252649,0.6781669702164547,0.04060154727368885
515,blend,0.0,0.0,0.0,1.0,0.0,7.511408181154404,0.6745196602753252,0.02556563253082965
525,blend,0.0,0.0,0.0,0.5,0.0,6.665982210529128,0.4899944347276338,0.20453953990588894
555,blend,0.0,0.0,0.0,0.2857142857142857,0.0,7.147513623523963,0.5445171877637911,0.16798215315536147
558,blend,0.0,0.0,0.0,0.5,0.0,7.267924015515467,0.6985590543260009,0.07963431496164958
559,blend,0.19305050952434957,0.2857142857142857,1.0,0.7142857142857143,0.0,7.506991408389058,0.7575990981676194,0.16454270536976742
562,blend,0.0,0.0,0.0,1.0,0.0,7.035188641511955,0.6634248950689731,0.12142080254134167
566,blend,0.0,0.0,0.0,1.0,0.0,7.5501163289203745,0.7579851199328986,0.19764849683119082
575,blend,0.1517621910780354,0.15384615384615385,1.0,0.8461538461538461,0.0,7.092872619224761,0.62604549400057,0.05880726414360895
595,blend,0.0,0.0,0.0,0.5,0.0,7.2262003657705005,0.6610870958807895,0.07574198579445245
610,blend,0.0,0.0,0.0,1.0,0.0,7.6613173468354505,0.7872022916042141,0.07683683375298939
632,blend,0.0,0.0,0.0,1.0,0.0,7.121596417408568,0.6729243931484709,0.07152517218959226
635,blend,0.0,0.0,0.0,1.0,0.0,7.062298264323308,0.6357116566109209,0.17475075421020828
637,blend,0.3391602052736161,0.2,1.0,0.6,0.0,6.994363591467899,0.6184563101213766,0.2829653366421733
646,blend,0.0,0.0,0.0,1.0,0.3,8.006487447041906,0.6642342720940781,0.12327197500136296
656,blend,0.0,0.0,0.0,0.6,0.0,7.068207891829408,0.6702369931590804,0.18354258492425932
662,blend,0.0,0.0,0.0,0.8,0.0,6.756354086119242,0.5194189495248779,0.26926967754451553
665,blend,0.0,0.0,0.0,0.5,0.0,7.173351621538382,0.6557774432451164,0.11402731602349964
676,blend,0.0,0.0,0.0,0.0,0.0,7.294402784135481,0.6922366477745191,0.06247371662193239
701,blend,0.13905617951077562,0.25,1.0,0.75,0.5,9.017821268345553,0.8492369757484817,0.07833524339268558
709,blend,0.0,0.0,0.0,0.5,0.0,6.743813315732455,0.5184043928355595,0.25758838298473874
740,blend,0.0,0.0,0.0,1.0,0.0,7.557565627303864,0.7668552465524868,0.10215189234072931
745,blend,0.0,0.0,0.0,1.0,0.0,7.5209551645792185,0.7332101934960471,0.05776822381860497
759,blend,0.0,0.0,0.0,1.0,0.0,7.488103709668982,0.7527905307081312,0.05207853620858935
773,blend,0.0,0.0,0.0,0.5,0.0,7.233188949080441,0.6656164046223407,0.053828939237611985
795,blend,0.0,0.0,0.0,0.0,0.0,7.487699897751696,0.7261287153471517,0.04612533878293215
812,blend,0.0,0.0,0.0,0.0,0.0,7.3569939745567625,0.7437068802980948,0.06370372827316638
820,blend,0.3228087653971817,0.6666666666666666,1.0,1.0,0.0,7.389268821834023,0.7032599946303593,0.04599674871978474
828,blend,0.0,0.0,0.0,0.0,0.1,7.816487630919076,0.7457679740702559,0.22748831989942764
829,blend,0.07979453856244818,0.125,1.0,0.625,0.0,7.4463548503565535,0.7751896496510855,0.14349851899712543
840,blend,0.0,0.0,0.0,0.0,0.2,7.352656715912038,0.542843250584835,0.1758727283209802
852,blend,0.0,0.0,0.0,0.75,0.0,7.452153375130186,0.7352278565406576,0.047350842011719754
853,blend,0.0,0.0,0.0,0.0,0.0,7.19137517856488,0.7198529198732923,0.11262396989138353
857,blend,0.0,0.0,0.0,0.75,0.0,7.405919038162979,0.7336060623028893,0.19798869781979556
860,blend,0.1100458831490401,0.045454545454545456,1.0,0.6363636363636364,0.0,7.925698484027438,0.7344884851191682,0.06237919781866097
896,blend,0.38685280723454163,0.5,1.0,1.0,0.0,7.246484213905703,0.7241978290188025,0.0661806323486824
899,blend,0.0,0.0,0.0,1.0,0.0,6.807805857881121,0.5737869427573791,0.09983893720190924
925,blend,0.0,0.0,0.0,0.0,0.0,7.08197136240575,0.6202836398148478,0.041877316083203095
934,blend,0.06943122193677728,0.1,1.0,0.9,0.0,7.306072763356468,0.7024984267917993,0.07609323039208493
944,blend,0.0979129253499678,0.14285714285714285,1.0,0.42857142857142855,0.0,7.27105935863421,0.6616534123359639,0.12852553629246863
946,blend,0.0,0.0,0.0,1.0,0.0,6.768527126643413,0.6220600461943075,0.19241305776993664
953,blend,0.0,0.0,0.0,1.0,0.0,7.047160532415802,0.6232333057954189,0.34619844500614017
975,blend,0.2429718246796358,0.5,1.0,0.75,0.1,7.2990439702019385,0.5346750098595152,0.29468540195799026
990,blend,0.0,0.0,0.0,0.0,0.0,7.145493607325338,0.6816650475808402,0.11035576111927485
1007,blend,0.0,0.0,0.0,0.5,0.0,7.250062533426375,0.7291807339179386,0.03765261930533707
1030,blend,0.0,0.0,0.0,0.0,0.0,7.3082959867968285,0.7396372375900234,0.11858499315014216
1061,blend,0.0,0.0,0.0,0.6666666666666666,0.0,6.824837658916296,0.5566284278117707,0.1662678969962088
1063,blend,0.0,0.0,0.0,1.0,0.0,7.49930950916063,0.75995352413354,0.11129897057529084
1096,blend,0.0,0.0,0.0,1.0,0.0,6.8044642301319005,0.5223101829464548,0.18108735207478582
1115,blend,0.49818925746641285,0.6666666666666666,1.0,0.6666666666666666,0.0,7.168434447121086,0.67741444798855,0.0716127804927757
1143,blend,0.0,0.0,0.0,0.0,0.0,7.479577311543108,0.7612870310356441,0.043140090307161025
1157,blend,0.0,0.0,0.0,0.6666666666666666,0.0,7.2132158819698775,0.7248225692189889,0.09545937545341357
1166,blend,0.0,0.0,0.0,0.0,0.0,7.256882039716622,0.6900211683961672,0.15876176789339255
1173,blend,0.0,0.0,0.0,0.0,0.0,7.362589276313479,0.7048373560939665,0.2365106900872215
1198,blend,0.0,0.0,0.0,1.0,0.0,7.634177818783233,0.7431768131276943,0.10963755789199307
1206,blend,0.0,0.0,0.0,0.0,0.0,6.825816889480649,0.49318929846212967,0.20280752194818186
1247,blend,0.727329844310522,0.23076923076923078,1.0,0.7307692307692307,0.0,6.854589479281538,0.4700991149502963,0.26403247738147884
1258,blend,0.15130120674940672,0.16666666666666666,1.0,1.0,0.0,7.177109524901686,0.643152811898823,0.06685474074424834
1271,blend,0.0,0.0,0.0,1.0,0.0,7.653135798476036,0.7693783602226512,0.049315845067016396
1276,blend,0.0,0.0,0.0,0.25,0.0,6.8134338302123,0.5205689704783163,0.2938362472970772
1287,blend,0.0,0.0,0.0,1.0,0.0,7.903538137936328,0.7719215150426452,0.13214828380936317
1294,blend,0.0,0.0,0.0,0.6666666666666666,0.0,6.726788496198159,0.463832485917108,0.2816961135722636
1311,blend,0.0,0.0,0.0,0.5,0.0,7.294544568919626,0.6951209340677016,0.12528733405129397
1321,blend,0.0,0.0,0.0,0.6666666666666666,0.0,7.1940134705556265,0.6717645965498042,0.16100362283166825
1328,blend,0.0,0.0,0.0,0.0,0.0,7.331559381118486,0.5309045159846997,0.11329771871746558
1346,blend,0.6131471927654584,0.5,1.0,1.0,0.0,7.122706145048203,0.6932747995612596,0.04657673576899381
1357,blend,0.0,0.0,0.0,0.0,0.0,7.5913017861321945,0.7760565882964898,0.1328886793026224
1362,blend,0.0,0.0,0.0,0.4,0.0,7.691535989729038,0.7243292054522581,0.1319273498147199
1375,blend,0.0,0.0,0.0,0.5,0.0,7.049062067404267,0.6540222778310308,0.17586830937710882
1390,blend,0.0,0.0,0.0,1.0,0.0,7.428136508025839,0.7205073520720273,0.12965377833802372
1414,blend,0.0,0.0,0.0,1.0,0.0,7.273197003669902,0.7168249340720663,0.0980924610139066
1417,blend,0.7977228895450266,1.0,1.0,1.0,0.0,6.759192565519572,0.5275945682886372,0.21837238480111093
1422,blend,0.0,0.0,0.0,0.4,0.0,7.403200454276515,0.6927517828101152,0.0928279294002481
1430,blend,0.0,0.0,0.0,0.42105263157894735,0.0,7.100966649877584,0.639538144868866,0.128321370053403
1433,blend,0.5855700749881525,0.5,1.0,0.75,0.0,7.3717504603457495,0.7049030337303928,0.09570720261375903
1444,blend,0.0,0.0,0.0,0.0,0.0,6.803440441705421,0.5675967172982764,0.05760172789580643
1464,blend,0.0,0.0,0.0,1.0,0.0,7.0937131532342805,0.5903816301787078,0.40484337386494007
1468,blend,0.0,0.0,0.0,1.0,0.0,7.226211866911106,0.715982117599548,0.053093250757817845
1476,blend,0.0,0.0,0.0,1.0,0.0,7.308804397649685,0.699710924622163,0.10570627931592956
1508,blend,0.0,0.0,0.0,0.5,0.0,7.426090455426004,0.7251623451920552,0.22396783900691897
1518,blend,0.0,0.0,0.0,0.5,0.0,7.142418094623116,0.702988451596672,0.14673170927878834
1540,blend,0.10086747116627115,0.16666666666666666,1.0,1.0,0.0,7.109858348205189,0.7050696516300403,0.3012175906113619
1545,blend,0.0,0.0,0.0,0.5,0.0,7.554777092369301,0.7647043798174109,0.04413862090609639
1555,blend,0.0,0.0,0.0,1.0,0.0,7.458306432323051,0.7448257187128107,0.09911595387125367
1565,blend,0.0,0.0,0.0,0.0,0.0,7.372668269784123,0.7581538035753804,0.12569513020953968
1574,blend,0.0,0.0,0.0,0.5,0.0,7.566987915727606,0.754775416663958,0.12307292034370351
1606,blend,0.0,0.0,0.0,1.0,0.0,6.674071769970672,0.5041160062461827,0.07727027934888242
1609,blend,0.0,0.0,0.0,0.5,0.0,6.777152753767467,0.5489047223327903,0.1092113853087894
1642,blend,0.0,0.0,0.0,0.0,0.3,8.364687415462162,0.8028836565502138,0.10343738404498762
1648,blend,0.0,0.0,0.0,0.6666666666666666,0.0,6.905400588098749,0.5868627647385525,0.1972949915721017
1655,blend,0.07834851647149513,0.1111111111111111,1.0,0.5555555555555556,0.0,7.494970603463679,0.7277534486705046,0.12077632525124897
1672,blend,0.0,0.0,0.0,1.0,0.0,6.72910585008008,0.511869245248099,0.2179072730216599
1680,blend,0.0,0.0,0.0,1.0,0.0,7.5775053450824075,0.7342126392483677,0.10758634798775815
1705,blend,0.0,0.0,0.0,1.0,0.0,7.285249794149218,0.7197542002434323,0.07355051914144566
1706,blend,0.0,0.0,0.0,1.0,0.0,7.563082387068109,0.722343759808266,0.04557626965358371
1713,blend,0.0,0.0,0.0,1.0,0.0,7.34316179806091,0.7432197263447138,0.05848546300214394
1731,blend,0.0,0.0,0.0,0.0,0.0,7.3702025547939645,0.7126891663054244,0.08028612576274902
1734,blend,0.0,0.0,0.0,0.5,0.0,7.344668115933766,0.7126275570474072,0.11192256595384126
1740,blend,0.0,0.0,0.0,1.0,0.0,7.579547850751323,0.7300000574024637,0.08371044714399772
1741,blend,0.09478836436955079,0.0625,1.0,0.9375,0.0,6.941324556608234,0.5060798574539014,0.2886987152650096
1743,blend,0.0,0.0,0.0,0.0,0.0,7.191144776121412,0.646835973216099,0.1617085036889307
1751,blend,0.0,0.0,0.0,1.0,0.0,7.2245789098795825,0.7050850072832439,0.06348667078558395
1752,blend,0.0,0.0,0.0,0.0,0.0,7.354993133299604,0.691678159499137,0.061967708169991094
1777,blend,0.0,0.0,0.0,1.0,0.0,7.320229053744283,0.7316227580629029,0.05757410336497254
1789,blend,0.0,0.0,0.0,0.42857142857142855,0.0,6.804133177434511,0.5948277483865658,0.2246886085889392
1792,blend,0.0,0.0,0.0,0.07692307692307693,0.0,7.321738164592674,0.7477946009838218,0.18275190603781286
1794,blend,0.0,0.0,0.0,0.0,0.0,7.792016853252356,0.8123179309107411,0.10914157457340916
1806,blend,0.0,0.0,0.0,0.5,0.0,7.01991202891025,0.676337814901286,0.08636634443176977
1811,blend,0.0,0.0,0.0,0.5,0.0,6.932018083796562,0.6303752847099982,0.1995021447241738
1819,blend,0.0,0.0,0.0,1.0,0.0,6.6900403675981845,0.491917868110594,0.08633449374404922
1823,blend,0.30077259211005997,0.4444444444444444,1.0,1.0,0.0,7.059602558053369,0.6706216928813469,0.14994946155991096
1847,blend,0.35895421017163476,0.15384615384615385,1.0,0.9230769230769231,0.0,7.007281953220688,0.672229720281039,0.11827395825428001
1856,blend,0.0,0.0,0.0,0.5,0.0,7.1447080330915655,0.676748659147796,0.15871182243694243
1873,blend,0.0,0.0,0.0,1.0,0.0,6.838187397506931,0.5863746248184756,0.11620520305334811
1876,blend,0.0,0.0,0.0,0.0,0.0,7.500713542417941,0.7332876210681181,0.04165623365748336
1878,blend,0.0,0.0,0.0,0.5,0.0,7.699872400594307,0.7480087162950253,0.012875761093450422
1886,blend,0.0,0.0,0.0,1.0,0.0,7.5940188285091805,0.7639229621221458,0.06006818120929718
1916,blend,0.0,0.0,0.0,0.5,0.0,6.713814160715498,0.489500102747762,0.12734073685361982
1933,blend,0.0,0.0,0.0,0.9,0.0,7.260562862177234,0.7265942192754453,0.07054686840398787
1939,blend,0.0,0.0,0.0,1.0,0.0,6.889340581664122,0.5899877065555549,0.12074374638325983
2000,blend,0.07614334071738352,0.125,1.0,0.875,0.0,7.018930469635923,0.6658981607932459,0.23261096675059167
2021,blend,0.0,0.0,0.0,1.0,0.0,6.773612621551163,0.5337388195492678,0.1774895179865278
2026,blend,0.0,0.0,0.0,0.6666666666666666,0.0,7.276419585952295,0.7201555526722969,0.057160579651199576
2031,blend,0.0,0.0,0.0,0.7,0.0,7.131780114559405,0.6660974820699123,0.15183435224505637
2042,blend,0.0,0.0,0.0,1.0,0.0,7.236000832622169,0.7081915450761507,0.07665288621662356
2046,blend,0.0,0.0,0.0,0.2857142857142857,0.0,6.834524422188406,0.5961230244004228,0.1595049548356753
2063,blend,0.0,0.0,0.0,1.0,0.0,7.38748945684154,0.7273010447509902,0.17242818448631392
2067,blend,0.6309297535714575,1.0,1.0,1.0,0.0,6.81461272651256,0.5280015111614433,0.3074273389161595
2068,blend,0.0,0.0,0.0,1.0,0.0,7.187998582128553,0.644127949350286,0.06275563182952887
2070,blend,0.0,0.0,0.0,1.0,0.0,7.477033469219694,0.6365540476204956,0.1599630615110523
2078,blend,0.0,0.0,0.0,1.0,0.0,6.841419984389155,0.6186493008461242,0.14304269507539674
2079,blend,0.0,0.0,0.0,0.3333333333333333,0.0,7.347527087178106,0.7296849786519659,0.07717312117167438
2089,blend,0.0,0.0,0.0,1.0,0.0,7.446191165359357,0.7626471976777691,0.1998127256321407
2095,blend,0.0,0.0,0.0,0.2,0.0,6.682768970061533,0.4584130399203037,0.09784213292083613
2096,blend,0.09803928583135704,0.2,1.0,0.8,0.1,6.922955533878985,0.47088426184038934,0.24335266555411783
2105,blend,0.09803928583135704,0.2,1.0,0.8,0.0,7.034407098370662,0.6541975980081995,0.1840608132220245
2108,blend,0.46927872602275644,0.3333333333333333,1.0,0.6666666666666666,0.0,6.737512332926025,0.5429190116812688,0.3242474482888094
2145,blend,0.0,0.0,0.0,1.0,0.0,7.3104285703342695,0.7142050043100275,0.040074874388549515
2153,blend,0.0,0.0,0.0,1.0,0.0,7.307896167797684,0.7276631283177761,0.16747623515035945
2176,blend,0.1396181455537491,0.18181818181818182,1.0,0.8181818181818182,0.0,6.960877378909832,0.6342370981794225,0.2194512314721466
2186,blend,0.18457569677956817,0.5,1.0,0.5,0.0,7.367085280276148,0.7284858340395549,0.12422108732066435
2198,blend,0.3010299956639812,1.0,1.0,1.0,0.0,7.370440011616156,0.7141181803813179,0.12378834900052989
2204,blend,0.0,0.0,0.0,1.0,0.0,7.510375448246137,0.7737499743283232,0.13508232964228742
2214,blend,1.0,1.0,1.0,1.0,0.0,6.926059559635012,0.6217128071840274,0.17310140479518038
2219,blend,0.0,0.0,0.0,0.0,0.0,7.054930043262308,0.6779046934888089,0.20693674728088784
2223,blend,0.0,0.0,0.0,0.0,0.0,7.4982940636188555,0.7342788308296379,0.08103105853106658
2225,blend,0.6131471927654584,0.5,1.0,0.5,0.0,7.03744482276537,0.5895282047520976,0.23494841827113871
2233,blend,0.0,0.0,0.0,1.0,0.0,7.499043380954765,0.7677892956673728,0.06208706378976824
2237,blend,0.0,0.0,0.0,1.0,0.0,7.245475958047419,0.7169951018112626,0.05255009114455796
2260,blend,0.0,0.0,0.0,1.0,0.0,7.519591511527979,0.7686272603914384,0.12847096682080633
2261,blend,0.0,0.0,0.0,0.3333333333333333,0.0,7.332472458765443,0.7005917649289022,0.13154626149601828
2262,blend,0.0,0.0,0.0,0.6153846153846154,0.0,6.787882854960711,0.5338596907154458,0.12718381707494916
2268,blend,0.0,0.0,0.0,0.0,0.0,7.207439478320964,0.6942587570087209,0.12426738904584814
2277,blend,0.0,0.0,0.0,0.5555555555555556,0.0,7.104722975932837,0.6791753215206224,0.1540222019202921
2278,blend,0.0,0.0,0.0,0.75,0.0,6.84254552455578,0.5755231380783823,0.08984210438299298
2288,blend,0.2987100207034456,0.3333333333333333,1.0,0.8333333333333334,0.0,7.5580344289887815,0.765330439984753,0.02607411601702908
2323,blend,0.0,0.0,0.0,1.0,0.0,7.16621257404167,0.6523227948274508,0.09796239076920019
2338,blend,0.0,0.0,0.0,0.5,0.0,7.478830937750784,0.7224366758552729,0.08704725483403443
2339,blend,0.0,0.0,0.0,1.0,0.0,7.357819689411431,0.74573831244886,0.09270967771465867
2344,blend,0.0,0.0,0.0,0.5,0.0,6.7781137211826135,0.44557007754100364,0.23490058533700103
2354,blend,0.6131471927654584,0.5,1.0,1.0,0.2,7.589992895132722,0.5410657003701891,0.17200768103120417
2366,blend,0.0,0.0,0.0,1.0,0.3,8.268717016841737,0.7084798389859949,0.055750531607012474
2381,blend,0.0,0.0,0.0,0.0,0.0,6.810516289896813,0.593441655206929,0.18062473002842877
2399,blend,0.0,0.0,0.0,1.0,0.0,7.116712401295497,0.7152900415789841,0.13896708020938336
2404,blend,0.0,0.0,0.0,0.8,0.0,7.099832990777115,0.7066476256207921,0.1906318388333982
2437,blend,0.0,0.0,0.0,0.0,0.0,7.494763315479108,0.7367042300625954,0.08353883243362735
2445,blend,0.0,0.0,0.0,0.6666666666666666,0.0,7.567803600623189,0.7355817337434735,0.11774981675121014
2448,blend,0.0,0.0,0.0,1.0,0.0,6.713779236010588,0.4476009783655124,0.19352804478010724
2455,blend,0.0,0.0,0.0,0.3333333333333333,0.0,7.726992014064914,0.7576565351640391,0.02246380614379365
2467,blend,0.0,0.0,0.0,1.0,0.3,8.115581721431383,0.805150899860194,0.050714838354962356
2469,blend,0.0,0.0,0.0,1.0,0.0,7.338422276908842,0.718564688206129,0.1248002879257328
2489,blend,0.553486104522623,0.75,1.0,1.0,0.0,7.577125231956454,0.7457093937683736,0.10200253380851099
2493,blend,0.0,0.0,0.0,1.0,0.0,7.655861488549263,0.7793494956915437,0.09545326429348695
2507,blend,0.0,0.0,0.0,0.0,0.0,7.72243664538794,0.767469353187215,0.13263910478305047
2536,blend,0.0,0.0,0.0,0.6666666666666666,0.0,7.018376210584694,0.6677485425698221,0.24219241203400932
2538,blend,0.2640681225725909,0.5,1.0,1.0,0.0,7.109842841652723,0.7188390975514716,0.04950218211847665
2545,blend,0.0,0.0,0.0,0.5,0.0,6.97515506253252,0.6454866523928277,0.04129503020735867
2546,blend,0.2960819109658652,0.3333333333333333,1.0,0.3333333333333333,0.0,7.165243617142861,0.7268738056180575,0.07343498916384546
2552,blend,0.17630010660342915,0.125,1.0,0.875,0.0,7.457342791225706,0.7650529749543824,0.09659987263180374
2557,blend,0.0,0.0,0.0,1.0,0.0,7.396381597038754,0.6845480695653763,0.12399082435460947
2576,blend,0.0,0.0,0.0,1.0,0.0,7.432814167405008,0.7379979134339857,0.1267476396951569
2579,blend,0.0,0.0,0.0,0.0,0.1,8.160521940115144,0.7464290822806577,0.07874633076440783
2599,blend,0.12647135138382856,0.125,1.0,0.625,0.0,7.577416412581448,0.7889317349974849,0.07470390183949886
2605,blend,0.0,0.0,0.0,0.0,0.0,7.087435340981571,0.7223193007139506,0.170715565715124
2610,blend,0.3301376494471203,0.06896551724137931,1.0,0.8620689655172413,0.0,6.7851126400022705,0.4590320871964333,0.3338460358290809
2614,blend,0.0,0.0,0.0,0.0,0.0,6.991150578325096,0.5721965220563051,0.3056424247468081
2628,blend,0.0,0.0,0.0,1.0,0.0,7.491131437587389,0.7378222606225064,0.06469235384326243
2642,blend,0.0,0.0,0.0,0.0,0.0,7.612144628824214,0.8026227145807276,0.06692384544154091
2643,blend,0.0,0.0,0.0,0.5,0.0,7.048751605897872,0.6539284170336067,0.27431211704127506
2647,blend,0.0,0.0,0.0,0.5,0.0,6.832005191572584,0.6471603472911143,0.16892907738403795
2672,blend,0.0,0.0,0.0,0.0,0.0,7.207600928679258,0.710992694372816,0.1333240030903975
2679,blend,0.0,0.0,0.0,0.75,0.0,6.964791819211271,0.5926570724812479,0.28529513532999995
2689,blend,0.0,0.0,0.0,0.5,0.0,6.759465003507936,0.5010484599566685,0.15006785676961892
2697,blend,0.0,0.0,0.0,0.0,0.0,7.141813533286975,0.6707577313515172,0.1194615218320437
2702,blend,0.9162750860008065,0.8888888888888888,1.0,1.0,0.0,6.817769321326791,0.5385613806308014,0.3241825490708337
2740,blend,0.0,0.0,0.0,1.0,0.0,7.173913602019229,0.6549415562599681,0.08590753799233906
2751,blend,0.0,0.0,0.0,0.8333333333333334,0.0,6.660194601190116,0.44599414697384143,0.06738753293847587
2758,blend,1.0,1.0,1.0,1.0,0.0,7.65358888768359,0.7494832570933496,0.12322986779421391
2787,blend,0.0,0.0,0.0,0.0,0.0,6.670133322372057,0.5024143170721718,0.10803013467916837
2790,blend,0.09803928583135704,0.2,1.0,0.6,0.0,7.596163146613529,0.7278750688967204,0.09710360966110992
2792,blend,0.0,0.0,0.0,1.0,0.0,7.278759307202899,0.6680782377644889,0.03145503056196201
2793,blend,0.0,0.0,0.0,1.0,0.0,7.328683115378309,0.7531657819077611,0.0651906685345584
2803,blend,0.0,0.0,0.0,0.0,0.0,7.502588782581617,0.7722645955391712,0.16112732696455462
2820,blend,0.0,0.0,0.0,1.0,0.1,7.937981401113042,0.764444518400388,0.1745308271938032
2829,blend,0.13120507751234178,0.2,1.0,1.0,0.0,7.438677754220033,0.7265667818458434,0.09862327471927174
2837,blend,0.0,0.0,0.0,0.5,0.0,7.4974328168899875,0.7610794187848469,0.14670956177993624
2845,blend,0.0,0.0,0.0,0.0,0.0,7.123949878949072,0.6968561923966868,0.2586928112617077
2853,blend,0.0,0.0,0.0,0.5,0.0,7.458204813431108,0.7472955591082897,0.03250119180964855
2858,blend,0.0,0.0,0.0,1.0,0.0,6.812423886999682,0.5315544516942743,0.22942213837044828
2859,blend,0.0,0.0,0.0,1.0,0.0,7.322866370734282,0.681748876427356,0.19973136241315098
2870,blend,0.0,0.0,0.0,1.0,0.0,7.11714088288265,0.7077543768605679,0.10962583758731768
2878,blend,0.0,0.0,0.0,1.0,0.0,8.057729117937146,0.7684208808888828,0.1186323987348995
2886,blend,0.16716045496620227,0.3333333333333333,1.0,1.0,0.0,7.313630385295691,0.7314192540549949,0.13607937838665585
2888,blend,0.0,0.0,0.0,0.0,0.0,6.8853496716584175,0.589111757015565,0.11791007538250343
2909,blend,0.0,0.0,0.0,1.0,0.0,6.854851623129361,0.5447336030209735,0.26788854225142505
2925,blend,0.0,0.0,0.0,1.0,0.0,6.993160872551579,0.6856338242301785,0.09299253256737389
2928,blend,0.0,0.0,0.0,1.0,0.0,7.399422569391874,0.7439105560832397,0.05681422860964696
2940,blend,0.0,0.0,0.0,0.0,0.0,7.174981642771198,0.7114909031618977,0.12123827349578097
2951,blend,0.0,0.0,0.0,0.0,0.0,7.763987030742993,0.788113781463959,0.04575985917807461
2966,blend,0.10778915452451093,0.16666666666666666,1.0,0.5,0.0,6.975597729374533,0.5696438389824302,0.1256212709577373
2971,blend,0.0,0.0,0.0,0.0,0.0,7.07692671119672,0.6764846179633494,0.10533641070036318
2975,blend,0.0,0.0,0.0,0.5833333333333334,0.0,6.799971819579845,0.5511690632534871,0.20259789223694558
2988,blend,0.10086747116627115,0.16666666666666666,1.0,0.6666666666666666,0.0,6.606075868504983,0.4452590204002843,0.20277901945689072
3005,blend,0.10086747116627115,0.16666666666666666,1.0,1.0,0.0,7.0675110841775295,0.696620482448602,0.13122664838536946
3023,blend,0.5294362295028773,0.5,1.0,1.0,0.0,7.545377112111649,0.7533350431333262,0.1656357159405977
3025,blend,0.0,0.0,0.0,1.0,0.0,7.58448352464993,0.7371243855104058,0.03597395569138576
3042,blend,0.3052348839397012,0.14285714285714285,1.0,0.5,0.0,7.274108472180616,0.7240776115522651,0.17044009914258015
3074,blend,0.0,0.0,0.0,0.5,0.0,7.051074144980885,0.5656194623713953,0.20109595879687553
3097,blend,0.0,0.0,0.0,0.8888888888888888,0.0,6.953899860495659,0.5888975001426744,0.07492529139107261
3116,blend,0.0,0.0,0.0,0.0,0.0,6.902726651459437,0.6725955766457683,0.07890496780286241
3126,blend,0.0,0.0,0.0,1.0,0.0,6.9157159256340375,0.587543183167103,0.08462929703196831
3129,blend,0.0,0.0,0.0,0.0,0.4,8.653592148942641,0.7646767814749541,0.05143541817135532
3136,blend,0.4776237035032179,0.6666666666666666,1.0,1.0,0.0,6.901971394196208,0.6242560160527694,0.19249645996811707
3139,blend,0.2521686779156779,0.3333333333333333,1.0,0.8333333333333334,0.0,7.339910663625588,0.7158546514076036,0.07648218029800605
3152,blend,0.0,0.0,0.0,1.0,0.0,6.970596979473799,0.5019666226923292,0.32903466023704875
3157,blend,0.0,0.0,0.0,0.0,0.0,7.26073337312972,0.7233639687573525,0.03789125649438065
3165,blend,0.0,0.0,0.0,1.0,0.0,7.169299569393573,0.6977665031967313,0.03611813395418371
3168,blend,0.0,0.0,0.0,0.3333333333333333,0.0,7.284680139361258,0.7054461375743057,0.20068164483218384
3184,blend,0.0,0.0,0.0,0.2,0.1,7.561398158206027,0.5816999358825572,0.21949829640239962
3193,blend,0.0,0.0,0.0,1.0,0.0,7.138415240061455,0.6718341034202905,0.1442831095452646
3207,blend,1.0,1.0,1.0,1.0,0.0,7.8105206863280845,0.7752124369501556,0.07216895418049428
3212,blend,0.0,0.0,0.0,0.0,0.0,7.6621525720505135,0.7310248118663086,0.09985745844410754
3213,blend,0.0,0.0,0.0,1.0,0.0,7.205310087537585,0.7205986980128016,0.1660468275563539
3217,blend,0.0,0.0,0.0,1.0,0.0,6.93982652559734,0.6408378148093015,0.20112721251748406
3233,blend,0.0,0.0,0.0,0.0,0.0,7.073808909216313,0.61909923476714,0.14867714387745887
3237,blend,0.14126697285982898,0.3333333333333333,1.0,1.0,0.0,6.694528949721172,0.5058512424545383,0.18355183207562703
3300,blend,0.0,0.0,0.0,0.3333333333333333,0.0,7.241696543252276,0.6352531927799678,0.13542772629604993
3301,blend,0.0,0.0,0.0,1.0,0.0,7.317564158582853,0.7267397274356779,0.09791351827096108
3308,blend,0.0,0.0,0.0,1.0,0.0,7.073808909216313,0.61909923476714,0.11380378488726065
3310,blend,0.18457569677956817,0.5,1.0,0.5,0.0,7.2807977914162505,0.7233403221546495,0.18709486921777563
3320,blend,0.0,0.0,0.0,1.0,0.0,6.804465174079167,0.5268145413019476,0.13277710917963836
3325,blend,0.0,0.0,0.0,0.0,0.0,7.074218254172655,0.6583954770601914,0.47090980760365275
3326,blend,0.07336392209936006,0.07142857142857142,1.0,0.42857142857142855,0.1,8.28893683753787,0.7095197838910587,0.09737583263696334
3335,blend,0.20210734650054757,0.3333333333333333,1.0,0.6666666666666666,0.0,7.10567837044587,0.6780551531840746,0.11856710791756905
3338,blend,0.0,0.0,0.0,1.0,0.0,7.018836925912018,0.6012086717368214,0.13615823897634785
3369,blend,0.0,0.0,0.0,0.3333333333333333,0.0,7.245248968823596,0.7277191298903167,0.1888302032096607
3380,blend,0.0,0.0,0.0,0.0,0.1,8.029054167014863,0.7330428565578431,0.08107084060306344
3401,blend,0.0,0.0,0.0,0.5,0.0,6.65534508014909,0.49974442587774703,0.09932062385994508
3402,blend,0.0,0.0,0.0,0.75,0.4,8.957372850181336,0.755491087871792,0.017392889058003503
3412,blend,0.3333333333333333,1.0,1.0,1.0,0.0,7.7999807407580475,0.8005796907954025,0.03243928460314552
3420,blend,0.0,0.0,0.0,1.0,0.0,7.629142405056048,0.7466047412232991,0.03625370447957645
3422,blend,0.28606042850872493,0.25,1.0,0.75,0.0,7.338574206994944,0.7072397443560923,0.10827006033735422
3424,blend,0.0,0.0,0.0,0.0,0.0,7.294191775223567,0.6710897986123426,0.13950020495313678
3450,blend,0.5,1.0,1.0,1.0,0.0,7.355857107922985,0.7398739197011531,0.07414195346249793
3486,blend,0.0,0.0,0.0,0.6666666666666666,0.0,6.830622148033273,0.5831157263865137,0.2884952478776194
3495,blend,0.0,0.0,0.0,0.48148148148148145,0.0,6.828114819358045,0.5127162756799337,0.18860073318372303
3508,blend,0.0,0.0,0.0,0.2,0.0,7.702635764105848,0.7907741170227393,0.16525064088642746
3525,blend,0.0,0.0,0.0,0.0,0.0,7.102246165604049,0.7182405664486986,0.17914406679794248
3527,blend,0.17108252373753102,0.2857142857142857,1.0,0.5714285714285714,0.0,7.310478922541455,0.7271462817073844,0.09197485305276895
3532,blend,0.0,0.0,0.0,1.0,0.0,6.878547665759413,0.5741219532424764,0.15456980772453793
3596,blend,0.0,0.0,0.0,0.9166666666666666,0.0,7.121864911907673,0.6281138521600576,0.10738000972022095
3598,blend,0.20865662569078208,0.3333333333333333,1.0,1.0,0.0,7.113093055679395,0.6895531147062628,0.23962238125229485
3615,blend,0.0,0.0,0.0,1.0,0.0,7.13456361896535,0.6806565756637685,0.2230395149543364
3620,blend,0.0,0.0,0.0,0.6666666666666666,0.0,7.165391566582505,0.7126066724648094,0.057749161149768344
3624,blend,0.0,0.0,0.0,0.3333333333333333,0.0,6.880895187046828,0.6140620488077215,0.0813518700323134
3628,blend,0.0,0.0,0.0,0.0,0.0,6.935160494902178,0.634845089256015,0.11971360257617465
3638,blend,0.14829723057014912,0.1111111111111111,1.0,0.7777777777777778,0.0,7.573298826238964,0.7447787026150804,0.12390095432693313
3666,blend,0.38685280723454163,0.5,1.0,0.5,0.0,6.71591953415366,0.4949122940913109,0.31911654046054616
3672,blend,0.0,0.0,0.0,1.0,0.0,7.361840108605229,0.6572539991902505,0.029442217356220445
3679,blend,0.0,0.0,0.0,0.5,0.0,6.911657530934429,0.5829768189998255,0.1654107068296923
3682,blend,0.46364403650820374,0.25,1.0,0.875,0.3,7.854002047517534,0.7893065526152142,0.21733528243844244
3705,blend,0.0,0.0,0.0,0.0,0.0,7.663993193006968,0.744441674942592,0.06766306080289299
3711,blend,0.0,0.0,0.0,1.0,0.0,7.3722096584522445,0.7423085780867978,0.16855118617732018
3726,blend,0.0,0.0,0.0,0.3333333333333333,0.0,6.9676131278204085,0.6825927122283797,0.07069007373974771
3730,blend,0.0,0.0,0.0,0.5,0.0,7.36589924180724,0.7438339489141967,0.23067390132712157
3738,blend,0.0,0.0,0.0,0.25,0.0,6.894337083408148,0.5373481972896961,0.36431252417899346
3749,blend,0.0,0.0,0.0,0.6,0.9,9.738434413555735,0.6433545648419923,0.17631373241128778
3766,blend,0.4959389204699465,0.25,1.0,0.6875,0.0,7.562032560673467,0.7672871976133654,0.06268676079893806
3774,blend,0.0,0.0,0.0,1.0,0.1,7.607547564062687,0.7625668248399462,0.13104259202787485
3775,blend,0.0,0.0,0.0,0.0,0.0,7.485231227131756,0.7716966234384208,0.1744577246058155
3779,blend,0.0,0.0,0.0,1.0,0.1,8.189191119306539,0.7422343645937343,0.08266935197148936
3783,blend,0.0,0.0,0.0,0.6666666666666666,0.0,7.120763968363036,0.692791788680056,0.07942589162058003
3807,blend,0.0,0.0,0.0,1.0,0.0,6.675978898594254,0.46175866296925483,0.3153951923651163
3811,blend,0.08274602130532002,0.14285714285714285,1.0,0.7142857142857143,0.0,7.543916267432178,0.7289515429482858,0.03577199038304877
3815,blend,0.0,0.0,0.0,0.6,0.0,7.286974105427862,0.6917200940795315,0.2228947789459565
3839,blend,0.0,0.0,0.0,1.0,0.0,7.392480442193625,0.7284190725444591,0.13284723428876136
3849,blend,0.5032251913410369,0.5,1.0,0.75,0.1,7.510325855651456,0.7309412183462041,0.052193728970101584
3855,blend,0.0,0.0,0.0,1.0,0.0,7.759670425849981,0.7736555342544109,0.045565965086495644
3891,blend,0.0,0.0,0.0,0.3333333333333333,0.0,6.73430640846108,0.45542368927288013,0.3314036907664115
3904,blend,0.17723928678404774,0.5,1.0,0.5,0.0,7.246404216142068,0.6711048661345462,0.18638288574338963
3929,blend,0.0,0.0,0.0,0.0,0.0,7.121754740938471,0.7191992762594337,0.06373597173597378
3936,blend,0.15642624200758548,0.3333333333333333,1.0,0.6666666666666666,0.3,9.415475591081561,0.8398645408399517,0.06216803289380816
3956,blend,0.0,0.0,0.0,1.0,0.1,7.741723604039907,0.7550767154845854,0.11754970911812339
3961,blend,0.19342640361727081,0.5,1.0,1.0,0.0,7.065682643903335,0.6625712992580635,0.07429723811953949
3962,blend,0.8550956239938449,0.7777777777777778,1.0,1.0,0.1,7.086170269312982,0.47363855840189106,0.2494363935114807
3973,blend,0.0,0.0,0.0,0.5714285714285714,0.5,9.349840865040026,0.7796179826370113,0.1862771712701787
3989,blend,0.0,0.0,0.0,0.0,0.0,7.650822758515794,0.7549879162232044,0.055512958507491064
4014,blend,0.10699313236726378,0.2,1.0,0.8,0.0,7.639997766548149,0.8009736470863805,0.1270156116909015
4015,blend,0.0,0.0,0.0,0.625,0.0,7.17363138265695,0.7085985241039934,0.2951562964816729
4024,blend,0.0,0.0,0.0,0.6666666666666666,0.0,6.6655128435230875,0.43981874493102435,0.17766415456480436
4038,blend,0.19519002499605084,0.25,1.0,1.0,0.0,7.294591507094812,0.7196741246012126,0.13651444047598496
4046,blend,0.0,0.0,0.0,0.6666666666666666,0.0,7.290710566487327,0.7241743257792101,0.1586584259535715
4054,blend,0.0,0.0,0.0,1.0,0.0,7.254443102868949,0.6830960430411189,0.02344559768062186
4055,blend,0.0,0.0,0.0,1.0,0.1,8.07701190686547,0.8303663110425259,0.05607486572985327
4063,blend,0.0,0.0,0.0,1.0,0.0,7.166035256722273,0.6397739214719025,0.05943379987673404
4066,blend,0.0,0.0,0.0,0.8333333333333334,0.0,6.754688533329235,0.5662243678884977,0.23820552629376046
4074,blend,0.0,0.0,0.0,1.0,0.0,7.628988176632499,0.7613246709885753,0.0642829876261675
4148,blend,0.0,0.0,0.0,0.8,0.0,7.33043665273768,0.735197019850458,0.19329260260710684
4165,blend,0.0,0.0,0.0,0.8571428571428571,0.0,7.0344721693486205,0.6764071835528673,0.11473339467052175
4178,blend,0.0,0.0,0.0,1.0,0.0,6.9272410424087285,0.4762270512418809,0.11787191125244116
4200,blend,0.0,0.0,0.0,0.8,0.0,6.876938605602312,0.5260033519685118,0.2814704256913143
4205,blend,0.19519002499605084,0.25,1.0,1.0,0.0,7.1979369694744815,0.6848173241363554,0.275500801518588
4214,blend,0.0,0.0,0.0,1.0,0.0,7.3248145557543705,0.7300372564260834,0.2492151245194255
4221,blend,0.0,0.0,0.0,0.0,0.0,7.110678579839957,0.6941135931362219,0.15663766026451809
4226,blend,0.2640681225725909,0.5,1.0,1.0,0.0,6.86286358894143,0.5361242002087045,0.1878714840749358
4233,blend,0.0,0.0,0.0,1.0,0.0,7.164685965945125,0.7165496843780415,0.10075955414947364
4257,blend,0.0,0.0,0.0,0.75,0.0,7.4188388403720085,0.7451880953740746,0.0772584386644785
4276,blend,0.3228087653971817,0.6666666666666666,1.0,1.0,0.2,8.403389425808864,0.7729167561114904,0.04416426455440879
4278,blend,0.07834851647149513,0.1111111111111111,1.0,0.7777777777777778,0.1,7.318120904147227,0.7379673713200525,0.10182936362574338
4285,blend,0.0,0.0,0.0,1.0,0.0,7.558727140079637,0.7585934619183872,0.11999267859324875
4289,blend,0.0,0.0,0.0,0.75,0.0,6.792435794003199,0.4684086978770228,0.2422007828496262
4295,blend,0.29849003527675555,0.1111111111111111,1.0,0.7777777777777778,0.0,6.924229790725495,0.6018936668230239,0.17120777833938577
4298,blend,0.19092086617893467,0.16666666666666666,1.0,0.3333333333333333,0.0,7.5279739319869305,0.7228584272722771,0.11729117319663467
4300,blend,0.08671382849411972,0.14285714285714285,1.0,0.8571428571428571,0.0,7.596210086714389,0.7486503851476584,0.1532976561500638
4308,blend,0.12647135138382856,0.125,1.0,1.0,0.0,7.618598199135074,0.7567291640128792,0.012606261087543407
4310,blend,0.0,0.0,0.0,1.0,0.0,6.860754339611631,0.5497210183973432,0.100545081246835
4315,blend,0.0,0.0,0.0,1.0,0.0,6.947199785450667,0.49687391219303234,0.3525613205180505
4367,blend,0.0,0.0,0.0,0.6666666666666666,0.0,7.260316593415976,0.735743659446255,0.04529994143261507
4371,blend,0.6131471927654584,0.5,1.0,1.0,0.0,7.403883786303313,0.7634207997301279,0.15621208381597798
4384,blend,0.0,0.0,0.0,0.16666666666666666,0.0,6.92483973223234,0.5441822643477611,0.12386214605040541
4392,blend,0.0,0.0,0.0,1.0,0.0,7.32426124629597,0.7073468032036827,0.031533875575164134
4404,blend,0.35106842466815347,0.3333333333333333,1.0,0.8666666666666667,0.0,6.956476638445148,0.5828183776944649,0.08664741731429797
4408,blend,0.0,0.0,0.0,1.0,0.0,7.47373179251372,0.7806865172345113,0.05561800873641175
4415,blend,0.2960819109658652,0.3333333333333333,1.0,1.0,0.7,10.735824704991742,0.8429647817653045,0.0204138190790423
4424,blend,0.08671382849411972,0.14285714285714285,1.0,0.7142857142857143,0.0,7.28565558543963,0.6838366111270737,0.11232079682551402
4441,blend,0.0,0.0,0.0,0.5,0.0,7.323330526166106,0.7048554237482529,0.10956503641165956
4442,blend,0.0,0.0,0.0,0.75,0.0,7.932103279725645,0.7300090876053131,0.04006608353948274
4448,blend,0.0,0.0,0.0,0.0,0.4,8.616730497154949,0.8508273128226417,0.12328749633268801
4460,blend,0.0,0.0,0.0,1.0,0.0,6.806510143724962,0.475436571455501,0.42230473010445707
4464,blend,0.0,0.0,0.0,0.0,0.0,7.19002703985723,0.6763844726544033,0.05809118324721862
4465,blend,0.0,0.0,0.0,0.0,0.0,7.119940555417932,0.6445329451628121,0.07346710267192454
4471,blend,0.0,0.0,0.0,1.0,0.0,6.85890538779096,0.5876357173423534,0.173252877155536
4474,blend,0.0,0.0,0.0,1.0,0.0,7.609921333953674,0.7827725093324069,0.134191373742303
4500,blend,0.35895421017163476,0.2,1.0,1.0,0.1,7.534665444992923,0.7291521580370356,0.1481504630478784
4545,blend,0.0,0.0,0.0,1.0,0.0,6.715137521139161,0.4560411977040708,0.22133888453417763
4551,blend,0.0,0.0,0.0,0.5,0.0,7.483634266101779,0.7528768558382584,0.09894518147781024
4558,blend,0.0,0.0,0.0,1.0,0.0,7.067268145846055,0.6453175451140052,0.12478623097582192
4565,blend,0.0,0.0,0.0,0.5,0.0,7.372441519068192,0.7492290399944617,0.13004993777530005
4568,blend,0.0,0.0,0.0,1.0,0.0,7.338797784635249,0.7531931137001179,0.24835939142159644
4576,blend,0.0,0.0,0.0,0.0,0.1,7.710425186748031,0.7543811648698077,0.09238583682268772
4602,blend,0.0,0.0,0.0,0.0,0.0,7.335787168809075,0.7212106623613239,0.25077906426538027
4649,blend,0.3079834593168982,0.3333333333333333,1.0,1.0,0.0,7.446670317223385,0.7190283999070157,0.05706641650114878
4653,blend,0.0,0.0,0.0,0.5,0.0,7.474340646934429,0.7619104406126155,0.07149275465272688
4666,blend,0.0,0.0,0.0,1.0,0.0,6.973553127679485,0.6253541070605928,0.226399210769553
4684,blend,0.0,0.0,0.0,0.0,0.0,7.5875006209094185,0.7740828059303586,0.05530384423054472
4689,blend,0.0,0.0,0.0,0.0,0.1,7.6396679406178745,0.7527529872284788,0.0385691281323169
4709,blend,0.09785159463516042,0.125,1.0,0.875,0.0,7.192837680245205,0.7112347233576763,0.12758145215435543
4717,blend,0.0,0.0,0.0,0.0,0.0,7.295646178359775,0.6991487926271451,0.08974165872194723
4729,blend,0.0,0.0,0.0,0.5,0.0,6.9797414681998875,0.6222950446421633,0.05507859138573645
4730,blend,0.0,0.0,0.0,1.0,0.0,7.105407481420019,0.6975512422866317,0.06697459098288637
4735,blend,0.0,0.0,0.0,0.3888888888888889,0.0,7.32420650389639,0.7270062100180219,0.1834525707163724
4736,blend,0.0,0.0,0.0,0.4,0.0,7.2763658583954705,0.6780732475545057,0.046092673860936684
4777,blend,0.0,0.0,0.0,0.0,0.0,7.296707146619363,0.7304385570263111,0.09420534741547364
4780,blend,0.0,0.0,0.0,1.0,0.7,9.582248208198276,0.6793764993260537,0.11834332473549186
4784,blend,0.0,0.0,0.0,0.8,0.0,7.388276910318171,0.7176844607044548,0.11078249100678858
4789,blend,0.0,0.0,0.0,1.0,0.0,7.407801700844391,0.7485380714748996,0.09992500537331453
4797,blend,0.0,0.0,0.0,1.0,0.0,6.739400784664037,0.5220682178175495,0.14420242579043158
4803,blend,0.0,0.0,0.0,1.0,0.0,7.17850397204203,0.6956749120845653,0.05882877340790421
4818,blend,0.0,0.0,0.0,0.0,0.0,6.83766343607746,0.5430436600736636,0.21996691727865228
4824,blend,0.0,0.0,0.0,0.25,0.1,7.760695590605093,0.7242922240431464,0.11070092431300894
4837,blend,0.17723928678404774,0.5,1.0,0.5,0.0,7.423476418313568,0.7523269832145074,0.1327487604466592
4840,blend,0.4125317798925535,0.25,1.0,0.75,0.0,7.555263718191021,0.7819629713626057,0.0971413285808347
4853,blend,0.0,0.0,0.0,1.0,0.0,7.648070047193511,0.776059391195773,0.05771922815052824
4877,blend,0.0,0.0,0.0,1.0,0.0,7.642179545297461,0.7952195256004387,0.05286636026699953
4885,blend,0.0,0.0,0.0,0.0,0.0,7.158142949363031,0.6800434970082357,0.05558655247444628
4886,blend,0.0,0.0,0.0,0.7142857142857143,0.0,6.806543637566994,0.5524592947222722,0.160172198023969
4925,blend,0.0,0.0,0.0,1.0,0.0,6.80238251616711,0.4771553049001037,0.2150343360647083
4927,blend,0.1480409554829326,0.3333333333333333,1.0,0.3333333333333333,0.0,7.069567363439591,0.6805472205022242,0.07198720623273842
4929,blend,0.0,0.0,0.0,0.3333333333333333,0.0,7.431592119763056,0.7009150580734581,0.12475678920246625
4930,blend,0.15130120674940672,0.16666666666666666,1.0,0.8333333333333334,0.0,7.295454135162885,0.7311946536260017,0.07567124400991443
4931,blend,0.0,0.0,0.0,0.8,0.0,7.572106860103068,0.7430933057071007,0.028713156679564936
4937,blend,0.6309297535714575,1.0,1.0,1.0,0.0,7.31595313370035,0.7019049880490613,0.12176739653648906
4946,blend,0.0,0.0,0.0,0.5,0.0,7.240028748031039,0.7163530027620786,0.31793796029284493
4965,blend,0.0,0.0,0.0,1.0,0.0,7.256519665023933,0.7383070877679265,0.08545955122069678
4968,blend,0.16104258782393985,0.18181818181818182,1.0,0.9090909090909091,0.0,7.18130272490402,0.7034484053193464,0.07829204788483096
4975,blend,0.0,0.0,0.0,0.75,0.0,7.171187588251547,0.6377928611801432,0.24678884365465886
4979,blend,0.0,0.0,0.0,1.0,0.0,7.196709087465445,0.7263147043266824,0.18587060779143247
4980,blend,0.20438239758848611,0.5,1.0,1.0,0.0,7.106999961483423,0.6534021847826379,0.12235941687754695
4986,blend,0.6131471927654584,0.5,1.0,1.0,0.0,7.149326679227881,0.668230088212781,0.21810955166759663
5029,blend,0.0,0.0,0.0,0.0,0.0,7.5788039682673585,0.7427236041966254,0.1448629026517321
5035,blend,0.0,0.0,0.0,1.0,0.0,7.376957585900385,0.7057425915732147,0.02122984800799848
5043,blend,0.0,0.0,0.0,0.0,0.0,6.9799185046299055,0.5214379175312395,0.23050697322766034
5051,blend,0.0,0.0,0.0,1.0,0.5,8.647613545927053,0.7227234064790972,0.0794566097543444
5070,blend,0.0,0.0,0.0,0.5,0.0,7.017082770917282,0.6412388233812516,0.13122798115019416
5073,blend,0.0,0.0,0.0,1.0,0.0,7.5351274310807455,0.7253019471222152,0.08170121950501236
5082,blend,0.0,0.0,0.0,0.6666666666666666,0.0,7.080243787010656,0.6781491649470823,0.10668864550778293
5113,blend,0.0,0.0,0.0,0.5,0.0,7.509006476211158,0.7741939447438633,0.114535844691705
5114,blend,0.06362078819895173,0.05555555555555555,1.0,0.6111111111111112,0.0,6.932524244097907,0.6242827316233595,0.16652332889276067
5121,blend,0.0,0.0,0.0,0.6666666666666666,0.0,7.446631433915863,0.7323630167608381,0.1361507622094192
5122,blend,0.0,0.0,0.0,1.0,0.0,7.590691009819776,0.7244721869110686,0.012643461643495758
5142,blend,0.0,0.0,0.0,1.0,0.0,6.984925220580078,0.6697591533859019,0.1425146892492354
5150,blend,0.0,0.0,0.0,0.5,0.0,6.699818368739079,0.4488641156322739,0.34943518104393767
5156,blend,0.0,0.0,0.0,0.0,0.0,7.239315886306433,0.704943953459148,0.09099760340036783
5179,blend,0.35895421017163476,0.2,1.0,0.8,0.0,7.380712302871589,0.7337687478298459,0.11158864319646009
5180,blend,0.0,0.0,0.0,0.5555555555555556,0.0,7.149000257492832,0.6848380836378515,0.04649906198974282
5193,blend,0.0,0.0,0.0,0.8,0.0,7.019947709489168,0.5070128570885915,0.27135740498416605
5198,blend,0.0,0.0,0.0,1.0,0.0,6.98255790152067,0.680766259073371,0.15192264912840672
5200,blend,0.0,0.0,0.0,0.0,0.0,6.895014576611155,0.5458571520639433,0.08852117360818139
5201,blend,0.0,0.0,0.0,0.75,0.0,7.318171011084333,0.723068253320492,0.07041087958130843
5217,blend,0.06943122193677728,0.08333333333333333,1.0,0.6666666666666666,0.0,7.017383297426204,0.6499040831019038,0.1556611561785641
5253,blend,0.0,0.0,0.0,0.7142857142857143,0.0,7.236539741896236,0.731797497515249,0.15903819272427258
5286,blend,0.0,0.0,0.0,0.0,0.0,7.467292329186338,0.7308102051260036,0.020349192200425453
5341,blend,0.0,0.0,0.0,0.0,0.0,7.338502398112539,0.7328030704222607,0.1797922991993898
5365,blend,0.07311683844390995,0.125,1.0,0.25,0.0,7.122050670188598,0.6481989923537237,0.0543379890364911
5366,blend,0.0,0.0,0.0,1.0,0.0,7.26008431083866,0.7353577650750303,0.237731397951873
5372,blend,0.18844415212771543,0.10526315789473684,1.0,0.7894736842105263,0.0,7.262982740835136,0.730617197644881,0.13877975547013807
5402,blend,0.0,0.0,0.0,0.6,0.2,7.87115027258875,0.7789045199819672,0.15024934583267863
5412,blend,0.0,0.0,0.0,1.0,0.0,6.972377308396214,0.6094386292436063,0.18310104463489102
5422,blend,0.0,0.0,0.0,1.0,0.0,6.99940912535958,0.6430981596281661,0.07570397157230956
5449,blend,0.0,0.0,0.0,0.3333333333333333,0.0,6.9630768118585475,0.6312935504777615,0.10394391891381546
5462,blend,0.0,0.0,0.0,0.0,0.0,6.783641589073929,0.5208803173875087,0.094572178191068
5481,blend,0.3024038304938509,0.06976744186046512,1.0,0.5116279069767442,0.0,7.902530208502841,0.7565478000004073,0.118200833224346
5503,blend,0.48522855511632257,0.4,1.0,0.8,0.0,7.116464531260666,0.6760679370678321,0.1294123132435697
5522,blend,0.0,0.0,0.0,1.0,0.0,6.906765536760519,0.595159727861112,0.09132634225662548
5534,blend,0.0,0.0,0.0,0.6666666666666666,0.1,7.457584513642663,0.7354007545737653,0.10110846930996982
5536,blend,0.21000823726012652,0.2857142857142857,1.0,1.0,0.0,6.66598221052913,0.4899944347276338,0.051295122341552826
5538,blend,0.0,0.0,0.0,0.5,0.0,6.781509961817397,0.5343992866948553,0.3022887771420055
5547,blend,0.0,0.0,0.0,1.0,0.0,7.024614300741547,0.6784272806370668,0.06517399944741624
5548,blend,0.0,0.0,0.0,1.0,0.0,6.918310543195517,0.6496774104841054,0.0849711526913834
5569,blend,0.0,0.0,0.0,1.0,0.0,7.228457593265665,0.7149824219755929,0.07431424804324271
5583,blend,0.0,0.0,0.0,1.0,0.3,8.266844306560014,0.7007995993834487,0.03477299363053008
5630,blend,0.0,0.0,0.0,0.0,0.0,7.47025074139219,0.756972902454868,0.061384779603664286
5648,blend,0.0,0.0,0.0,1.0,0.0,7.401700085575554,0.7138159787704141,0.04033939144618997
5684,blend,0.0,0.0,0.0,1.0,0.0,6.799671408221917,0.4762142975494573,0.31360639350789443
5687,blend,0.38685280723454163,0.5,1.0,1.0,0.0,7.443045769071915,0.7695221740964886,0.16091953437661433
5694,blend,0.0,0.0,0.0,0.0,0.0,7.417454226868054,0.6852015507561582,0.034837531060066505
5697,blend,0.0,0.0,0.0,0.75,0.2,8.140722369470787,0.7379422721829401,0.0881747444952014
5706,blend,0.11284514134893527,0.25,1.0,1.0,0.1,7.666818713384968,0.7652019690431912,0.111538005055807
5766,blend,0.0,0.0,0.0,0.5,0.0,6.850028748782795,0.47418391267587967,0.3262033096656865
5786,blend,0.0,0.0,0.0,0.8,0.0,6.655068458755318,0.42442727634404376,0.2009554660418742
5792,blend,0.0,0.0,0.0,0.5,0.0,6.959867109023695,0.5824199979798013,0.17583204698713967
5805,blend,0.0,0.0,0.0,0.5789473684210527,0.0,6.698649292436009,0.5514204074885238,0.13114858611674862
5817,blend,0.0,0.0,0.0,0.5806451612903226,0.0,7.451653464332898,0.7574943531892878,0.16100579911519688
5820,blend,0.0,0.0,0.0,0.0,0.0,7.022698261100691,0.647115610288528,0.05250222314562949
5838,blend,0.6364391809889587,0.6666666666666666,1.0,1.0,0.0,7.677572321923142,0.7602866927318535,0.06936361308457521
5862,blend,0.2200917662980802,0.08333333333333333,1.0,0.8333333333333334,0.0,7.18429177926173,0.7023810231149602,0.09756411088978849
5884,blend,0.0,0.0,0.0,0.0,0.1,7.1733843856624215,0.5145363099310705,0.29468540195799026
5885,blend,0.07075576072108063,0.1111111111111111,1.0,0.8888888888888888,0.0,7.011505833562145,0.6865152493619459,0.07905263093338918
5917,blend,0.07834851647149513,0.1111111111111111,1.0,0.7777777777777778,0.3,8.053915865855705,0.7924790995779838,0.15564310851436716
5920,blend,0.0,0.0,0.0,1.0,0.0,7.013491998866461,0.6519848444360977,0.3042994706321387
5924,blend,0.0,0.0,0.0,0.6666666666666666,0.0,7.339478893874462,0.7191817143509954,0.09470061864163322
7821,blend,0.0,0.0,0.0,0.7142857142857143,0.0,7.416654206345832,0.7646982423802352,0.19888986475061132
